GSOR_ID,NSFTV_ID,Accession_Name,Country,Subpopulation
301001,1,Agostano,Italy,TEJ
301003,3,Ai-Chiao-Hong,China,IND
301004,4,NSF-TV 4,India,AUS
301005,5,NSF-TV 5,India,AROMATIC
301006,6,ARC 7229,India,AUS
301007,7,Arias,Indonesia,TRJ
301008,8,Asse Y Pung,Philippines,TRJ
301009,9,Baber,India,TEJ
301010,10,Baghlani Nangarhar,Afghanistan,TEJ
301382,11,Baguamon 14,Bangladesh,IND
301011,12,Basmati,Pakistan,AROMATIC
301012,13,NSF-TV 13,Pakistan,AUS
301013,14,Basmati 217,India,TRJ
301383,15,Beonjo,South Korea,TEJ
301014,16,Bico Branco,Brazil,AROMATIC
301015,17,Binulawan,Philippines,IND
301016,18,BJ 1,India,AUS
301017,19,Black Gora,India,AUS
301018,20,Blue Rose,Louisiana,ADMIX
301019,21,Byakkoku Y 5006 Seln,Australia,IND
301020,22,Caawa/Fortuna 6-103-15,Taiwan,TRJ
301021,23,Canella De Ferro,Brazil,TRJ
301022,24,Carolina Gold,United States,TRJ
301023,25,Carolina Gold,United States,TRJ
301024,26,Carolina Gold Sel,United States,TRJ
301025,27,NSF-TV 27,Pakistan,TRJ
301027,29,Chau,Vietnam,IND
301028,30,Chiem Chanh,Vietnam,IND
301029,31,Chinese,China,TEJ
301030,32,Chodongji,South Korea,TEJ
301031,33,Chuan 4,Taiwan,AUS
301032,34,NSF-TV 34,India,IND
301033,35,CO18,India,IND
301034,36,CS-M3,United States-CA,TEJ
301035,37,Cuba 65,Cuba,TRJ
301037,39,NSF-TV 39,Bangladesh,ADMIX
301038,40,Dam,Thailand,ADMIX
301039,41,Darmali,Nepal,ADMIX
301040,43,Dee Geo Woo Gen,Taiwan,IND
301041,44,Dhala Shaitta,Bangladesh,AUS
301042,45,Dom-sufid,Iran,AROMATIC
301043,46,Dourado Agulha,Brazil,TRJ
301045,49,DV85,Bangladesh,AUS
301046,50,DZ78,Bangladesh,AUS
301047,51,Early Wataribune,Japan,TEJ
301048,52,Eh Ia Chiu ,Taiwan,TEJ
301049,53,Firooz,Iran,AROMATIC
301050,54,Fortuna,United States,TRJ
301051,55,Gerdeh,Iran,ADMIX
301052,56,Geumobyeo,South Korea,TEJ
301053,57,NSF-TV 57,Iran,IND
301054,58,Ghati Kamma Nangarhar,Afghanistan,AUS
301055,59,Gogo Lempuk,Indonesia,TRJ
301056,60,Gotak Gatik,Indonesia,ADMIX
301057,61,Guan-Yin-Tsan,China,IND
301386,62,Gyehwa 3,South Korea,TEJ
301387,63,Haginomae Mochi,Japan,TEJ
301388,64,Heukgyeong,South Korea,TEJ
301058,65,Honduras,Honduras,TRJ
301059,66,Hsia Chioh Keh Tu,Taiwan,IND
301060,67,Hu Lo Tao,China,TEJ
301061,68,I-Geo-Tze,Taiwan,ADMIX
301062,69,IAC 25,Brazil,TRJ
301063,70,Iguape Cateto,Haiti,TRJ
301064,71,IR 36,Philippines,IND
301065,72,IR 8,Philippines,IND
301066,73,IRAT 177,French Guiana,TRJ
301067,74,IRGA 409,Brazil,IND
301068,75,Jambu,Indonesia,TRJ
301069,76,Jaya,India,IND
301070,77,JC149,India,IND
301071,78,Jhona 349,India,AUS
301072,79,Jouiku 393G,Japan,TEJ
301073,80,K 65,Suriname,ADMIX
301074,81,Kalamkati,India,AUS
301075,83,Kamenoo,Japan,TEJ
301076,84,Kaniranga,Indonesia,TRJ
301077,85,Kasalath,India,AUS
301078,86,Kaw Luyoeng,Thailand,TEJ
301079,87,Keriting Tingii,Indonesia,ADMIX
301080,88,Khao Gaew,Thailand,AUS
301081,89,NSF-TV 89,Thailand,TRJ
301082,90,Kiang-Chou-Chiu,Taiwan,IND
301083,91,Kibi,Japan,TEJ
301084,92,Kinastano,Philippines,TRJ
301085,93,Kitrana 508,Madagascar,AROMATIC
301086,94,Koshihikari,Japan,TEJ
301088,96,KU115,Thailand,ADMIX
301089,97,Kun-Min-Tsieh-Hunan,China,IND
301090,98,L-202,United States_CA,TRJ
301091,99,LAC 23,Liberia,TRJ
301092,100,Lacrosse,United States,ADMIX
301093,101,Lemont,United States,TRJ
301094,102,Leung Pratew,Thailand,IND
301095,103,Luk Takhar,Afghanistan,TEJ
301096,104,Mansaku,Japan,TEJ
301097,105,Mehr,Iran,AUS
301098,106,Ming Hui,China,IND
301099,107,NSF-TV 107,Bangladesh,TRJ
301100,108,Moroberekan,Guinea,TRJ
301101,109,MTU9,India,IND
301102,110,Mudgo,India,IND
Not available,111,N 22,India,TRJ
301104,112,N12,India,AROMATIC
301105,113,Norin 20,Japan,TEJ
301106,114,Nova,United States,ADMIX
301107,115,NPE 835,Pakistan,TEJ
301108,116,NSF-TV 116,Pakistan,TRJ
301109,117,O-Luen-Cheung,Taiwan,IND
301110,118,Oro,Chile,TEJ
301111,119,Oryzica Llanos 5,Colombia,IND
301112,120,OS6,Nigeria,TRJ
301113,121,Ostiglia,Argentina,TEJ
301114,122,Padi Kasalle,Indonesia,TRJ
301115,123,Pagaiyahan,Taiwan,IND
301390,124,Pankhari 203,India,AROMATIC
301116,125,Pao-Tou-Hung,China,IND
301117,126,Pappaku,Taiwan,IND
301119,128,Pato De Gallinazo,Australia,ADMIX
301120,129,Peh-Kuh,Taiwan,IND
301121,130,Peh-Kuh-Tsao-Tu,Taiwan,IND
301122,131,Phudugey,Bhutan,AUS
301123,132,Rathuwee,Sri Lanka,IND
301124,133,Rikuto Kemochi,Japan,TEJ
301125,134,Romeo,Italy,TEJ
301126,135,RT 1031-69,Zaire,TRJ
301127,136,RTS12,Vietnam,IND
301128,137,RTS14,Vietnam,IND
301129,138,RTS4,Vietnam,IND
301130,139,S4542A3-49B-2B12,United States,TRJ
301131,140,Saturn,United States,ADMIX
301132,141,Seratoes Hari,Indonesia,IND
301133,142,Shai-Kuh,China,IND
301134,143,Shinriki,Japan,TEJ
301135,144,Shoemed,United States,TEJ
301136,145,Short Grain,Thailand,IND
301137,146,Shuang-Chiang,Taiwan,IND
301138,147,Sinampaga Selection,Philippines,TRJ
301139,148,Sintane Diofor,Burkina Faso,IND
301140,149,Sinaguing,Philippines,TRJ
301141,150,Sultani,Egypt,TRJ
301142,151,Suweon,Korea,TEJ
301143,152,T 1,India,AUS
301144,153,T26,India,AUS
301145,154,Ta Hung Ku,China,TEJ
301146,155,Ta Mao Tsao,China,TEJ
301147,156,Taichung Native 1,Taiwan,IND
301148,157,Tainan Iku 487,Taiwan,TEJ
301149,158,Taipei 309,Taiwan,TEJ
301150,159,Tam Cau 9A,Vietnam,IND
301151,160,NSF-TV 160,Iran,AROMATIC
301152,161,TeQing,China,IND
301153,162,TKM6,India,IND
301154,163,Taducan,Philippines,IND
301155,164,Tondok,Indonesia,TRJ
301156,165,Trembese,Indonesia,TRJ
301157,166,Tsipala 421,Madagascar,ADMIX
301158,167,B6616A4-22-Bk-5-4,United States,TRJ
301159,168,Vary Vato 462,Madagascar,ADMIX
301160,169,WC 6,China,TEJ
301161,170,Wells,United States,TRJ
301162,171,ZHE 733,China,IND
301163,172,Zhenshan 2,China,IND
301164,173,Nipponbare,Japan,TEJ
301165,174,Azucena,Philippines,TRJ
Not available,175,1021,Guatemala,TRJ
301167,176,583,Ecuador,TRJ
301168,177,68-2,France,TEJ
301169,178,ARC 6578,India,AUS
301170,179,Bellardone,France,TEJ
301171,180,Benllok,Peru,TEJ
301172,181,Bergreis,Austria,TEJ
301173,182,Blue Rose Supreme,United States,ADMIX
301174,183,Boa Vista,El Salvador,TRJ
301175,184,Bombon,Spain,TEJ
301176,185,British Honduras Creole,Belize,TRJ
301177,186,Bul Zo,South Korea,TEJ
301178,187,C57-5043,United States,TRJ
301179,188,Coppocina,Bulgaria,TRJ
301180,189,Criollo La Fria,Venezuela,IND
301181,190,Delrex,United States,TRJ
301182,191,Dom Zard,Iran,AROMATIC
301183,192,Erythroceros Hokkaido,Poland,TEJ
301184,193,Fossa Av,Burkina Faso,TRJ
301185,194,HG 24,Burkina Faso,ADMIX
301186,195,IRAT 13,Cote D'Ivoire,TRJ
301187,196,JM70,Mali,IND
301188,197,Kaukkyi Ani,Myanmar,ADMIX
301189,198,Leah,Bulgaria,TRJ
301190,199,NSF-TV 199,Bolivia,TRJ
301191,200,P 737,Pakistan,AUS
301192,201,Pate Blanc Mn 1,Cote D'Ivoire,TRJ
301193,202,Pratao,Brazil,TRJ
301194,203,Radin Ebos 33,Malaysia,IND
301195,204,Razza 77,Italy,TEJ
301196,205,Rinaldo Bersani,Italy,ADMIX
301197,206,Rojofotsy 738,Madagascar,ADMIX
301198,207,Sigadis,Indonesia,IND
301199,208,SLO 17,India,IND
301200,209,Tchibanga,Gabon,IND
301202,211,Tokyo Shino Mochi,Japan,ADMIX
Not available,212,WC 2810,Micronesia,TRJ
301204,213,WC 3397,Jamaica,TRJ
301205,214,WC 4419,Honduras,TRJ
301206,215,WC 4443,Bolivia,TRJ
301207,216,Yabani Montakhab 7,Egypt,TEJ
301208,217,YRL-1,Australia,ADMIX
301209,218,PI 298967-1,Australia,ADMIX
301210,219,Nucleoryza,Austria,TEJ
301211,220,Azerbaidjanica,Azerbaijan,TEJ
301212,221,Sadri Belyi,Azerbaijan,AROMATIC
301213,222,Paraiba Chines Nova,Brazil,IND
301214,223,Priano Guaira,Brazil,TRJ
301215,224,Karabaschak,Bulgaria,TEJ
301216,225,Biser 1,Bulgaria,TEJ
301217,226,IRAT 44,Burkina Faso,TRJ
301218,227,Riz Local,Burkina Faso,ADMIX
301219,228,CA 902/B/2/1,Chad,AUS
301220,229,Niquen,Chile,TRJ
301221,231,Hunan Early Dwarf No. 3,China,IND
301222,232,Shangyu 394,China,TEJ
301223,233,Sung Liao 2,China,TEJ
301224,234,Aijiaonante,China,IND
301225,235,Sze Guen Zim,China,IND
301226,236,WC 521,China,ADMIX
301227,237,Estrela,Colombia,ADMIX
301229,239,WAB 502-13-4-1,Cote D'Ivoire,TRJ
301230,240,WAB 501-11-5-1,Cote D'Ivoire,TRJ
301231,241,ECIA76-S89-1,Cuba,IND
301232,242,27,Dominican Republic,TRJ
301233,243,Tropical Rice,Ecuador,TEJ
301234,244,Arabi,Egypt,ADMIX
301235,245,Sab Ini,Egypt,TEJ
301236,246,Saraya,Fiji,AUS
301237,247,Desvauxii,Former Soviet Union,TEJ
301238,248,Caucasica,Former Soviet Union,TEJ
301239,249,Pirinae 69,Former Yugoslavia,ADMIX
301240,250,Bulgare,France,TEJ
301241,251,H256-76-1-1-1,Argentina,TRJ
301242,252,Djimoron,Guinea,IND
301243,253,Guineandao,Guinea,ADMIX
301244,254,Hon Chim,Hong Kong,IND
301245,255,Pai Hok Glutinous,Hong Kong,IND
301246,256,Romanica,Hungary,TEJ
301247,257,Agusita,Hungary,TEJ
301248,258,Tia Bura,Indonesia,TRJ
301249,259,Sadri Tor Misri,Iran,ADMIX
301250,260,NSF-TV 260,Iran,AROMATIC
301251,261,Shim Balte,Iraq,AUS
301252,262,Halwa Gose Red,Iraq,AUS
301253,263,Maratelli,Italy,TEJ
301254,264,Baldo,Italy,ADMIX
301255,265,Vialone,Italy,TEJ
301256,266,Hiderisirazu,Japan,ADMIX
301257,267,Hatsunishiki,Japan,TEJ
301258,268,Vavilovi,Kazakhstan,TEJ
301259,269,Sundensis,Kazakhstan,IND
301260,270,Osogovka,Macedonia,ADMIX
301261,271,M. Blatec,Macedonia,ADMIX
301262,272,923,Madagascar,ADMIX
301263,273,Varyla,Madagascar,ADMIX
301264,274,Padi Pagalong,Malaysia,TRJ
301265,275,Sri Malaysia Dua,Malaysia,TEJ
301266,276,Kaukau,Mali,AUS
301267,277,Gambiaka Sebela,Mali,TEJ
301268,278,C1-6-5-3,Mexico,ADMIX
301269,279,Kon Suito,Mongolia,TEJ
301270,280,Saku,Mongolia,ADMIX
301271,281,Patna,Morocco,TEJ
301272,282,Triomphe Du Maroc,Morocco,TEJ
301273,283,Chibica,Mozambique,TEJ
301274,284,IR-44595,Nepal,IND
301275,285,Tox 782-20-1,Nigeria,TRJ
301276,286,IITA 135,Nigeria,TRJ
301277,287,Zerawchanica Karatalski,Poland,TEJ
301278,288,Italica Carolina,Poland,TEJ
301279,289,Lusitano,Portugal,TEJ
301280,290,Amposta,Puerto Rico,TEJ
301281,291,Toploea 70/76,Romania,TEJ
301282,292,Stegaru 65,Romania,TEJ
301283,293,TOg 7178,Senegal,ADMIX
301284,294,SL 22-613,Sierra Leone,ADMIX
301285,295,Bombilla,Spain,TEJ
301286,296,Dosel,Spain,TEJ
301287,297,Bahia,Spain,TEJ
301288,298,LD 24,Sri Lanka,IND
301289,299,SML 242,Suriname,IND
301290,300,Sml Kapuri,Suriname,TEJ
301291,301,Melanotrix,Tajikistan,TEJ
301292,302,WIR 3039,Tajikistan,TEJ
301293,303,Kihogo,Tanzania,TEJ
301294,304,519,Uruguay,IND
301295,305,Doble Carolina Rinaldo Barsani,Uruguay,ADMIX
301296,306,WIR 3764,Uzbekistan,TEJ
301297,307,Uzbekskij 2,Uzbekistan,TEJ
301298,308,Llanero 501,Venezuela,TRJ
301299,309,Manzano,Zaire,TRJ
301300,310,R 101,Zaire,TRJ
301301,311,56-122-23,Thailand,TEJ
301302,312,Aswina 330,Bangladesh,AUS
301303,313,BR24,Bangladesh,IND
301304,314,CTG 1516,Bangladesh,AUS
301305,315,Dawebyan,Myanmar,IND
301306,316,DD 62,Bangladesh,AUS
301307,317,DJ 123,Bangladesh,AUS
301308,318,DJ 24,Bangladesh,AUS
301309,319,DK 12,Bangladesh,AUS
301310,320,DM 43,Bangladesh,AUS
301311,321,DM 56,Bangladesh,AUS
301312,322,DM 59,Bangladesh,AUS
301313,323,DNJ 140,Bangladesh,AUS
301314,324,DV 123,Bangladesh,AUS
301315,325,EMATA A 16-34,Myanmar,IND
301316,326,Ghorbhai,Bangladesh,AUS
301317,327,Goria,Bangladesh,AUS
301318,328,Jamir,Bangladesh,AUS
301319,329,Kachilon,Bangladesh,AUS
301320,330,Khao Pahk Maw,Thailand,AUS
301321,331,Khao Tot Long 227,Thailand,AUS
301322,332,KPF-16,Bangladesh,ADMIX
301323,333,Leuang Hawn,Thailand,TEJ
301324,334,Lomello,Thailand,TEJ
301325,335,Okshitmayin,Myanmar,ADMIX
301326,336,Paung Malaung,Myanmar,AUS
301327,337,Sabharaj,Bangladesh,IND
301328,338,Sitpwa,Myanmar,TEJ
301329,339,Yodanya,Myanmar,IND
301330,340,Berenj,Afghanistan,ADMIX
301331,341,Shirkati,Afghanistan,AUS
301332,342,Cenit,Argentina,TRJ
301333,343,Victoria F.A.,Argentina,ADMIX
301334,344,Habiganj Boro 6,Bangladesh,ADMIX
301335,345,DZ 193,Bangladesh,AUS
301336,346,Karkati 87,Bangladesh,AUS
301337,347,Creole,Belize,TRJ
301338,348,China 1039,China,IND
301339,349,Chang Ch'Sang Hsu Tao,China,IND
301340,350,Ligerito,Colombia,TRJ
301393,352,Guatemala 1021,Guatemala,TRJ
301341,353,ARC 10376,India,AUS
301343,355,ASD 1,India,TEJ
301344,356,JC 117,India,IND
301345,357,9524,India,AUS
301346,358,ARC 10086,India,ADMIX
301347,359,Surjamkuhi,India,AUS
301348,360,PTB 30,India,AUS
Not available,361,F.R. 13A,India,TEJ
301350,363,Edomen Scented,Japan,TEJ
301351,364,Rikuto Norin 21,Japan,ADMIX
301352,365,Shirogane,Japan,TEJ
301353,366,Kiuki No. 46,Japan,TEJ
301354,367,Sanbyang-Daeme,Korea,ADMIX
301355,368,Deokjeokjodo,Korea,TEJ
301356,369,Sathi,Pakistan,AUS
301357,370,Coarse,Pakistan,AUS
301358,371,Santhi Sufaid,Pakistan,AUS
301359,372,Sufaid,Pakistan,AUS
301360,373,Lambayeque 1,Peru,AROMATIC
301396,375,Upland,PONAPE ISLAND,TRJ
301361,376,Breviaristata,Portugal,ADMIX
301362,377,PR 304,Puerto Rico,TRJ
301363,378,Kalubala Vee,Sri Lanka,AUS
301364,379,Wanica,Suriname,TRJ
301365,380,Tainan-Iku No. 512,Taiwan,TEJ
301366,381,325,Taiwan,TRJ
301367,384,318,TURKEY,TRJ
301368,385,Nira,United States,IND
301369,386,Palmyra,United States,ADMIX
301370,387,M-202,United States-CA,ADMIX
301371,388,Nortai,United States,ADMIX
301372,389,CI 11011,United States,ADMIX
301373,390,CI 11026,United States,ADMIX
301374,391,Della,United States,TRJ
301375,392,Edith,United States,TRJ
301377,394,Lady Wright Seln,United States,TRJ
301378,395,OS 6 (WC 10296),Zaire,TRJ
301379,396,Cocodrie,United States,TRJ
301380,397,Cybonnet,United States,TRJ
301399,398,93-11,China,IND
301381,399,Spring,United States,TRJ
301400,400,Yang Dao 6,China,IND
301416,616,RT0034,United States,IND
301404,618,Pecos,United States,ADMIX
301405,619,Rosemont,United States,TRJ
301406,620,Jasmine85,Philippines,IND
301402,621,LaGrue,United States,TRJ
301418,622,Bengal,United States,ADMIX
301407,623,Shufeng 121-1655,China,IND
301408,624,Kaybonnet,United States,TRJ
301419,625,Katy,United States,TRJ
301420,626,C101A51,Colombia,IND
301421,627,Early,United States,ADMIX
301409,628,Jefferson,United States,TRJ
301410,629,Panda,United States,ADMIX
301411,630,Saber,United States,TRJ
301413,632,Francis,United States,TRJ
301414,633,Jing 185-7,China,IND
301415,634,Rondo (4484-1693),China,IND
312001,635,Azucena,Philipppines,TRJ
312002,636,Sadu Cho,Korea,IND
312003,637,N 22,India,AUS
312004,638,Moroberekan,Guinea,TRJ
312005,639,Nipponbare,Japan,TEJ
312006,640,Dom-Sofid,Iran,AROMATIC
312007,641,Tainung 67,Taiwan,TEJ
312008,642,Zhenshan 97B,China,IND
312009,643,Minghui 63,China,IND
312010,644,IR64,Philippines,IND
312011,645,M202,United States-CA,ADMIX
312013,647,Cypress,United States,TRJ
312014,648,Shan-Huang-Zhan-2,China,IND
312017,651,Dular,India,AUS
312018,652,Li-Jiang-Xin-Tuan-Hei-Gu,China,ADMIX
