"Scenario","NewCluster","Percent","OriginalCluster","N"
"S0:NoMind","C1",20,"C1",15
"S1:Mind10After","C1",13.3333333333333,"C1",15
"S2:Mind05","C1",13.3333333333333,"C1",15
"S4:Mind02","C1",0,"C1",15
"M0:MAFnone","C1",6.66666666666667,"C1",15
"M1:MAF01","C1",6.66666666666667,"C1",15
"M2:MAF03","C1",6.66666666666667,"C1",15
"M4:MAF10","C1",20,"C1",15
"G0:GENOnone","C1",6.66666666666667,"C1",15
"G1:GENO20","C1",6.66666666666667,"C1",15
"G2:GENO10","C1",20,"C1",15
"G4:GENO02","C1",6.66666666666667,"C1",15
"L0:LDnone","C1",6.66666666666667,"C1",15
"L1:LD08","C1",6.66666666666667,"C1",15
"L2:LD05","C1",6.66666666666667,"C1",15
"L4:LD100","C1",13.3333333333333,"C1",15
"S0:NoMind","C2",40,"C1",15
"S1:Mind10After","C2",53.3333333333333,"C1",15
"S2:Mind05","C2",6.66666666666667,"C1",15
"S4:Mind02","C2",0,"C1",15
"M0:MAFnone","C2",33.3333333333333,"C1",15
"M1:MAF01","C2",33.3333333333333,"C1",15
"M2:MAF03","C2",33.3333333333333,"C1",15
"M4:MAF10","C2",33.3333333333333,"C1",15
"G0:GENOnone","C2",33.3333333333333,"C1",15
"G1:GENO20","C2",33.3333333333333,"C1",15
"G2:GENO10","C2",33.3333333333333,"C1",15
"G4:GENO02","C2",33.3333333333333,"C1",15
"L0:LDnone","C2",33.3333333333333,"C1",15
"L1:LD08","C2",33.3333333333333,"C1",15
"L2:LD05","C2",33.3333333333333,"C1",15
"L4:LD100","C2",33.3333333333333,"C1",15
"S0:NoMind","C3",26.6666666666667,"C1",15
"S1:Mind10After","C3",6.66666666666667,"C1",15
"S2:Mind05","C3",20,"C1",15
"S4:Mind02","C3",0,"C1",15
"M0:MAFnone","C3",33.3333333333333,"C1",15
"M1:MAF01","C3",33.3333333333333,"C1",15
"M2:MAF03","C3",33.3333333333333,"C1",15
"M4:MAF10","C3",20,"C1",15
"G0:GENOnone","C3",33.3333333333333,"C1",15
"G1:GENO20","C3",33.3333333333333,"C1",15
"G2:GENO10","C3",20,"C1",15
"G4:GENO02","C3",33.3333333333333,"C1",15
"L0:LDnone","C3",33.3333333333333,"C1",15
"L1:LD08","C3",33.3333333333333,"C1",15
"L2:LD05","C3",33.3333333333333,"C1",15
"L4:LD100","C3",13.3333333333333,"C1",15
"S0:NoMind","C4",6.66666666666667,"C1",15
"S1:Mind10After","C4",6.66666666666667,"C1",15
"S2:Mind05","C4",20,"C1",15
"S4:Mind02","C4",0,"C1",15
"M0:MAFnone","C4",6.66666666666667,"C1",15
"M1:MAF01","C4",6.66666666666667,"C1",15
"M2:MAF03","C4",6.66666666666667,"C1",15
"M4:MAF10","C4",6.66666666666667,"C1",15
"G0:GENOnone","C4",6.66666666666667,"C1",15
"G1:GENO20","C4",6.66666666666667,"C1",15
"G2:GENO10","C4",6.66666666666667,"C1",15
"G4:GENO02","C4",6.66666666666667,"C1",15
"L0:LDnone","C4",6.66666666666667,"C1",15
"L1:LD08","C4",6.66666666666667,"C1",15
"L2:LD05","C4",6.66666666666667,"C1",15
"L4:LD100","C4",33.3333333333333,"C1",15
"S0:NoMind","C5",0,"C1",15
"S1:Mind10After","C5",13.3333333333333,"C1",15
"S2:Mind05","C5",6.66666666666667,"C1",15
"S4:Mind02","C5",0,"C1",15
"M0:MAFnone","C5",13.3333333333333,"C1",15
"M1:MAF01","C5",13.3333333333333,"C1",15
"M2:MAF03","C5",13.3333333333333,"C1",15
"M4:MAF10","C5",13.3333333333333,"C1",15
"G0:GENOnone","C5",13.3333333333333,"C1",15
"G1:GENO20","C5",13.3333333333333,"C1",15
"G2:GENO10","C5",13.3333333333333,"C1",15
"G4:GENO02","C5",13.3333333333333,"C1",15
"L0:LDnone","C5",13.3333333333333,"C1",15
"L1:LD08","C5",13.3333333333333,"C1",15
"L2:LD05","C5",13.3333333333333,"C1",15
"L4:LD100","C5",0,"C1",15
"S0:NoMind","C1",13.9130434782609,"C2",115
"S1:Mind10After","C1",6.08695652173913,"C2",115
"S2:Mind05","C1",6.95652173913043,"C2",115
"S4:Mind02","C1",0.869565217391304,"C2",115
"M0:MAFnone","C1",2.60869565217391,"C2",115
"M1:MAF01","C1",2.60869565217391,"C2",115
"M2:MAF03","C1",2.60869565217391,"C2",115
"M4:MAF10","C1",13.0434782608696,"C2",115
"G0:GENOnone","C1",2.60869565217391,"C2",115
"G1:GENO20","C1",2.60869565217391,"C2",115
"G2:GENO10","C1",13.0434782608696,"C2",115
"G4:GENO02","C1",2.60869565217391,"C2",115
"L0:LDnone","C1",2.60869565217391,"C2",115
"L1:LD08","C1",2.60869565217391,"C2",115
"L2:LD05","C1",2.60869565217391,"C2",115
"L4:LD100","C1",12.1739130434783,"C2",115
"S0:NoMind","C2",26.0869565217391,"C2",115
"S1:Mind10After","C2",26.9565217391304,"C2",115
"S2:Mind05","C2",15.6521739130435,"C2",115
"S4:Mind02","C2",5.21739130434783,"C2",115
"M0:MAFnone","C2",22.6086956521739,"C2",115
"M1:MAF01","C2",22.6086956521739,"C2",115
"M2:MAF03","C2",22.6086956521739,"C2",115
"M4:MAF10","C2",17.3913043478261,"C2",115
"G0:GENOnone","C2",22.6086956521739,"C2",115
"G1:GENO20","C2",22.6086956521739,"C2",115
"G2:GENO10","C2",17.3913043478261,"C2",115
"G4:GENO02","C2",22.6086956521739,"C2",115
"L0:LDnone","C2",22.6086956521739,"C2",115
"L1:LD08","C2",22.6086956521739,"C2",115
"L2:LD05","C2",22.6086956521739,"C2",115
"L4:LD100","C2",18.2608695652174,"C2",115
"S0:NoMind","C3",20,"C2",115
"S1:Mind10After","C3",22.6086956521739,"C2",115
"S2:Mind05","C3",13.9130434782609,"C2",115
"S4:Mind02","C3",0,"C2",115
"M0:MAFnone","C3",18.2608695652174,"C2",115
"M1:MAF01","C3",17.3913043478261,"C2",115
"M2:MAF03","C3",17.3913043478261,"C2",115
"M4:MAF10","C3",11.304347826087,"C2",115
"G0:GENOnone","C3",17.3913043478261,"C2",115
"G1:GENO20","C3",17.3913043478261,"C2",115
"G2:GENO10","C3",12.1739130434783,"C2",115
"G4:GENO02","C3",18.2608695652174,"C2",115
"L0:LDnone","C3",17.3913043478261,"C2",115
"L1:LD08","C3",17.3913043478261,"C2",115
"L2:LD05","C3",17.3913043478261,"C2",115
"L4:LD100","C3",12.1739130434783,"C2",115
"S0:NoMind","C4",25.2173913043478,"C2",115
"S1:Mind10After","C4",21.7391304347826,"C2",115
"S2:Mind05","C4",13.9130434782609,"C2",115
"S4:Mind02","C4",2.60869565217391,"C2",115
"M0:MAFnone","C4",25.2173913043478,"C2",115
"M1:MAF01","C4",26.0869565217391,"C2",115
"M2:MAF03","C4",26.0869565217391,"C2",115
"M4:MAF10","C4",26.0869565217391,"C2",115
"G0:GENOnone","C4",26.0869565217391,"C2",115
"G1:GENO20","C4",26.0869565217391,"C2",115
"G2:GENO10","C4",26.0869565217391,"C2",115
"G4:GENO02","C4",25.2173913043478,"C2",115
"L0:LDnone","C4",26.0869565217391,"C2",115
"L1:LD08","C4",26.0869565217391,"C2",115
"L2:LD05","C4",26.0869565217391,"C2",115
"L4:LD100","C4",22.6086956521739,"C2",115
"S0:NoMind","C5",3.47826086956522,"C2",115
"S1:Mind10After","C5",11.304347826087,"C2",115
"S2:Mind05","C5",14.7826086956522,"C2",115
"S4:Mind02","C5",1.73913043478261,"C2",115
"M0:MAFnone","C5",11.304347826087,"C2",115
"M1:MAF01","C5",11.304347826087,"C2",115
"M2:MAF03","C5",11.304347826087,"C2",115
"M4:MAF10","C5",12.1739130434783,"C2",115
"G0:GENOnone","C5",11.304347826087,"C2",115
"G1:GENO20","C5",11.304347826087,"C2",115
"G2:GENO10","C5",11.304347826087,"C2",115
"G4:GENO02","C5",11.304347826087,"C2",115
"L0:LDnone","C5",11.304347826087,"C2",115
"L1:LD08","C5",11.304347826087,"C2",115
"L2:LD05","C5",11.304347826087,"C2",115
"L4:LD100","C5",14.7826086956522,"C2",115
"S0:NoMind","C1",14.9425287356322,"C3",87
"S1:Mind10After","C1",2.29885057471264,"C3",87
"S2:Mind05","C1",6.89655172413793,"C3",87
"S4:Mind02","C1",0,"C3",87
"M0:MAFnone","C1",5.74712643678161,"C3",87
"M1:MAF01","C1",5.74712643678161,"C3",87
"M2:MAF03","C1",5.74712643678161,"C3",87
"M4:MAF10","C1",11.4942528735632,"C3",87
"G0:GENOnone","C1",5.74712643678161,"C3",87
"G1:GENO20","C1",5.74712643678161,"C3",87
"G2:GENO10","C1",11.4942528735632,"C3",87
"G4:GENO02","C1",5.74712643678161,"C3",87
"L0:LDnone","C1",5.74712643678161,"C3",87
"L1:LD08","C1",5.74712643678161,"C3",87
"L2:LD05","C1",5.74712643678161,"C3",87
"L4:LD100","C1",11.4942528735632,"C3",87
"S0:NoMind","C2",28.735632183908,"C3",87
"S1:Mind10After","C2",27.5862068965517,"C3",87
"S2:Mind05","C2",10.3448275862069,"C3",87
"S4:Mind02","C2",0,"C3",87
"M0:MAFnone","C2",24.1379310344828,"C3",87
"M1:MAF01","C2",24.1379310344828,"C3",87
"M2:MAF03","C2",25.2873563218391,"C3",87
"M4:MAF10","C2",18.3908045977011,"C3",87
"G0:GENOnone","C2",24.1379310344828,"C3",87
"G1:GENO20","C2",24.1379310344828,"C3",87
"G2:GENO10","C2",18.3908045977011,"C3",87
"G4:GENO02","C2",24.1379310344828,"C3",87
"L0:LDnone","C2",24.1379310344828,"C3",87
"L1:LD08","C2",24.1379310344828,"C3",87
"L2:LD05","C2",25.2873563218391,"C3",87
"L4:LD100","C2",19.5402298850575,"C3",87
"S0:NoMind","C3",22.9885057471264,"C3",87
"S1:Mind10After","C3",18.3908045977011,"C3",87
"S2:Mind05","C3",8.04597701149425,"C3",87
"S4:Mind02","C3",0,"C3",87
"M0:MAFnone","C3",19.5402298850575,"C3",87
"M1:MAF01","C3",19.5402298850575,"C3",87
"M2:MAF03","C3",19.5402298850575,"C3",87
"M4:MAF10","C3",18.3908045977011,"C3",87
"G0:GENOnone","C3",19.5402298850575,"C3",87
"G1:GENO20","C3",19.5402298850575,"C3",87
"G2:GENO10","C3",18.3908045977011,"C3",87
"G4:GENO02","C3",19.5402298850575,"C3",87
"L0:LDnone","C3",18.3908045977011,"C3",87
"L1:LD08","C3",18.3908045977011,"C3",87
"L2:LD05","C3",19.5402298850575,"C3",87
"L4:LD100","C3",18.3908045977011,"C3",87
"S0:NoMind","C4",17.2413793103448,"C3",87
"S1:Mind10After","C4",29.8850574712644,"C3",87
"S2:Mind05","C4",8.04597701149425,"C3",87
"S4:Mind02","C4",0,"C3",87
"M0:MAFnone","C4",25.2873563218391,"C3",87
"M1:MAF01","C4",25.2873563218391,"C3",87
"M2:MAF03","C4",24.1379310344828,"C3",87
"M4:MAF10","C4",25.2873563218391,"C3",87
"G0:GENOnone","C4",25.2873563218391,"C3",87
"G1:GENO20","C4",25.2873563218391,"C3",87
"G2:GENO10","C4",26.4367816091954,"C3",87
"G4:GENO02","C4",25.2873563218391,"C3",87
"L0:LDnone","C4",26.4367816091954,"C3",87
"L1:LD08","C4",26.4367816091954,"C3",87
"L2:LD05","C4",24.1379310344828,"C3",87
"L4:LD100","C4",25.2873563218391,"C3",87
"S0:NoMind","C5",5.74712643678161,"C3",87
"S1:Mind10After","C5",11.4942528735632,"C3",87
"S2:Mind05","C5",4.59770114942529,"C3",87
"S4:Mind02","C5",0,"C3",87
"M0:MAFnone","C5",11.4942528735632,"C3",87
"M1:MAF01","C5",11.4942528735632,"C3",87
"M2:MAF03","C5",11.4942528735632,"C3",87
"M4:MAF10","C5",12.6436781609195,"C3",87
"G0:GENOnone","C5",11.4942528735632,"C3",87
"G1:GENO20","C5",11.4942528735632,"C3",87
"G2:GENO10","C5",11.4942528735632,"C3",87
"G4:GENO02","C5",11.4942528735632,"C3",87
"L0:LDnone","C5",11.4942528735632,"C3",87
"L1:LD08","C5",11.4942528735632,"C3",87
"L2:LD05","C5",11.4942528735632,"C3",87
"L4:LD100","C5",11.4942528735632,"C3",87
"S0:NoMind","C1",18.018018018018,"C4",111
"S1:Mind10After","C1",3.6036036036036,"C4",111
"S2:Mind05","C1",11.7117117117117,"C4",111
"S4:Mind02","C1",0,"C4",111
"M0:MAFnone","C1",1.8018018018018,"C4",111
"M1:MAF01","C1",1.8018018018018,"C4",111
"M2:MAF03","C1",1.8018018018018,"C4",111
"M4:MAF10","C1",13.5135135135135,"C4",111
"G0:GENOnone","C1",1.8018018018018,"C4",111
"G1:GENO20","C1",1.8018018018018,"C4",111
"G2:GENO10","C1",13.5135135135135,"C4",111
"G4:GENO02","C1",1.8018018018018,"C4",111
"L0:LDnone","C1",1.8018018018018,"C4",111
"L1:LD08","C1",1.8018018018018,"C4",111
"L2:LD05","C1",1.8018018018018,"C4",111
"L4:LD100","C1",14.4144144144144,"C4",111
"S0:NoMind","C2",26.1261261261261,"C4",111
"S1:Mind10After","C2",21.6216216216216,"C4",111
"S2:Mind05","C2",16.2162162162162,"C4",111
"S4:Mind02","C2",2.7027027027027,"C4",111
"M0:MAFnone","C2",24.3243243243243,"C4",111
"M1:MAF01","C2",24.3243243243243,"C4",111
"M2:MAF03","C2",23.4234234234234,"C4",111
"M4:MAF10","C2",20.7207207207207,"C4",111
"G0:GENOnone","C2",23.4234234234234,"C4",111
"G1:GENO20","C2",24.3243243243243,"C4",111
"G2:GENO10","C2",20.7207207207207,"C4",111
"G4:GENO02","C2",24.3243243243243,"C4",111
"L0:LDnone","C2",23.4234234234234,"C4",111
"L1:LD08","C2",23.4234234234234,"C4",111
"L2:LD05","C2",23.4234234234234,"C4",111
"L4:LD100","C2",18.9189189189189,"C4",111
"S0:NoMind","C3",17.1171171171171,"C4",111
"S1:Mind10After","C3",20.7207207207207,"C4",111
"S2:Mind05","C3",12.6126126126126,"C4",111
"S4:Mind02","C3",2.7027027027027,"C4",111
"M0:MAFnone","C3",19.8198198198198,"C4",111
"M1:MAF01","C3",19.8198198198198,"C4",111
"M2:MAF03","C3",20.7207207207207,"C4",111
"M4:MAF10","C3",6.30630630630631,"C4",111
"G0:GENOnone","C3",20.7207207207207,"C4",111
"G1:GENO20","C3",18.9189189189189,"C4",111
"G2:GENO10","C3",6.30630630630631,"C4",111
"G4:GENO02","C3",19.8198198198198,"C4",111
"L0:LDnone","C3",20.7207207207207,"C4",111
"L1:LD08","C3",20.7207207207207,"C4",111
"L2:LD05","C3",20.7207207207207,"C4",111
"L4:LD100","C3",19.8198198198198,"C4",111
"S0:NoMind","C4",34.2342342342342,"C4",111
"S1:Mind10After","C4",31.5315315315315,"C4",111
"S2:Mind05","C4",14.4144144144144,"C4",111
"S4:Mind02","C4",2.7027027027027,"C4",111
"M0:MAFnone","C4",37.8378378378378,"C4",111
"M1:MAF01","C4",37.8378378378378,"C4",111
"M2:MAF03","C4",37.8378378378378,"C4",111
"M4:MAF10","C4",37.8378378378378,"C4",111
"G0:GENOnone","C4",37.8378378378378,"C4",111
"G1:GENO20","C4",37.8378378378378,"C4",111
"G2:GENO10","C4",37.8378378378378,"C4",111
"G4:GENO02","C4",37.8378378378378,"C4",111
"L0:LDnone","C4",37.8378378378378,"C4",111
"L1:LD08","C4",37.8378378378378,"C4",111
"L2:LD05","C4",37.8378378378378,"C4",111
"L4:LD100","C4",25.2252252252252,"C4",111
"S0:NoMind","C5",1.8018018018018,"C4",111
"S1:Mind10After","C5",19.8198198198198,"C4",111
"S2:Mind05","C5",11.7117117117117,"C4",111
"S4:Mind02","C5",2.7027027027027,"C4",111
"M0:MAFnone","C5",11.7117117117117,"C4",111
"M1:MAF01","C5",11.7117117117117,"C4",111
"M2:MAF03","C5",11.7117117117117,"C4",111
"M4:MAF10","C5",17.1171171171171,"C4",111
"G0:GENOnone","C5",11.7117117117117,"C4",111
"G1:GENO20","C5",12.6126126126126,"C4",111
"G2:GENO10","C5",17.1171171171171,"C4",111
"G4:GENO02","C5",11.7117117117117,"C4",111
"L0:LDnone","C5",11.7117117117117,"C4",111
"L1:LD08","C5",11.7117117117117,"C4",111
"L2:LD05","C5",11.7117117117117,"C4",111
"L4:LD100","C5",17.1171171171171,"C4",111
"S0:NoMind","C1",5.88235294117647,"C5",51
"S1:Mind10After","C1",1.96078431372549,"C5",51
"S2:Mind05","C1",3.92156862745098,"C5",51
"S4:Mind02","C1",0,"C5",51
"M0:MAFnone","C1",5.88235294117647,"C5",51
"M1:MAF01","C1",5.88235294117647,"C5",51
"M2:MAF03","C1",5.88235294117647,"C5",51
"M4:MAF10","C1",11.7647058823529,"C5",51
"G0:GENOnone","C1",5.88235294117647,"C5",51
"G1:GENO20","C1",5.88235294117647,"C5",51
"G2:GENO10","C1",11.7647058823529,"C5",51
"G4:GENO02","C1",5.88235294117647,"C5",51
"L0:LDnone","C1",5.88235294117647,"C5",51
"L1:LD08","C1",5.88235294117647,"C5",51
"L2:LD05","C1",5.88235294117647,"C5",51
"L4:LD100","C1",9.80392156862745,"C5",51
"S0:NoMind","C2",43.1372549019608,"C5",51
"S1:Mind10After","C2",43.1372549019608,"C5",51
"S2:Mind05","C2",9.80392156862745,"C5",51
"S4:Mind02","C2",0,"C5",51
"M0:MAFnone","C2",33.3333333333333,"C5",51
"M1:MAF01","C2",33.3333333333333,"C5",51
"M2:MAF03","C2",33.3333333333333,"C5",51
"M4:MAF10","C2",19.6078431372549,"C5",51
"G0:GENOnone","C2",33.3333333333333,"C5",51
"G1:GENO20","C2",33.3333333333333,"C5",51
"G2:GENO10","C2",19.6078431372549,"C5",51
"G4:GENO02","C2",33.3333333333333,"C5",51
"L0:LDnone","C2",33.3333333333333,"C5",51
"L1:LD08","C2",33.3333333333333,"C5",51
"L2:LD05","C2",33.3333333333333,"C5",51
"L4:LD100","C2",19.6078431372549,"C5",51
"S0:NoMind","C3",25.4901960784314,"C5",51
"S1:Mind10After","C3",27.4509803921569,"C5",51
"S2:Mind05","C3",0,"C5",51
"S4:Mind02","C3",0,"C5",51
"M0:MAFnone","C3",19.6078431372549,"C5",51
"M1:MAF01","C3",19.6078431372549,"C5",51
"M2:MAF03","C3",19.6078431372549,"C5",51
"M4:MAF10","C3",11.7647058823529,"C5",51
"G0:GENOnone","C3",19.6078431372549,"C5",51
"G1:GENO20","C3",19.6078431372549,"C5",51
"G2:GENO10","C3",11.7647058823529,"C5",51
"G4:GENO02","C3",19.6078431372549,"C5",51
"L0:LDnone","C3",19.6078431372549,"C5",51
"L1:LD08","C3",19.6078431372549,"C5",51
"L2:LD05","C3",19.6078431372549,"C5",51
"L4:LD100","C3",21.5686274509804,"C5",51
"S0:NoMind","C4",19.6078431372549,"C5",51
"S1:Mind10After","C4",17.6470588235294,"C5",51
"S2:Mind05","C4",3.92156862745098,"C5",51
"S4:Mind02","C4",0,"C5",51
"M0:MAFnone","C4",27.4509803921569,"C5",51
"M1:MAF01","C4",27.4509803921569,"C5",51
"M2:MAF03","C4",27.4509803921569,"C5",51
"M4:MAF10","C4",27.4509803921569,"C5",51
"G0:GENOnone","C4",27.4509803921569,"C5",51
"G1:GENO20","C4",27.4509803921569,"C5",51
"G2:GENO10","C4",27.4509803921569,"C5",51
"G4:GENO02","C4",27.4509803921569,"C5",51
"L0:LDnone","C4",27.4509803921569,"C5",51
"L1:LD08","C4",27.4509803921569,"C5",51
"L2:LD05","C4",27.4509803921569,"C5",51
"L4:LD100","C4",33.3333333333333,"C5",51
"S0:NoMind","C5",1.96078431372549,"C5",51
"S1:Mind10After","C5",5.88235294117647,"C5",51
"S2:Mind05","C5",7.84313725490196,"C5",51
"S4:Mind02","C5",0,"C5",51
"M0:MAFnone","C5",9.80392156862745,"C5",51
"M1:MAF01","C5",9.80392156862745,"C5",51
"M2:MAF03","C5",9.80392156862745,"C5",51
"M4:MAF10","C5",25.4901960784314,"C5",51
"G0:GENOnone","C5",9.80392156862745,"C5",51
"G1:GENO20","C5",9.80392156862745,"C5",51
"G2:GENO10","C5",25.4901960784314,"C5",51
"G4:GENO02","C5",9.80392156862745,"C5",51
"L0:LDnone","C5",9.80392156862745,"C5",51
"L1:LD08","C5",9.80392156862745,"C5",51
"L2:LD05","C5",9.80392156862745,"C5",51
"L4:LD100","C5",11.7647058823529,"C5",51
