"FID","IID","Sample_S0","Sample_S1","Sample_S3","Sample_S2","Sample_S4","MAF_M0","MAF_M1","MAF_M2","MAF_M4","Geno_G0","Geno_G2","Geno_G4","LD_L0","LD_L1","LD_L2","LD_L4","Agreement","N_scenarios"
"081215-A05",1,4,4,4,4,NA,4,4,4,4,4,4,4,4,4,4,4,1,15
"081215-A06",3,3,3,3,3,NA,3,3,3,3,3,3,3,3,3,3,3,1,15
"081215-A07",4,5,5,5,3,NA,5,5,5,5,5,5,5,5,5,5,5,0.928571428571429,15
"081215-A08",5,1,1,1,3,NA,1,1,1,1,1,1,1,1,1,1,2,0.857142857142857,15
"090414-A09",6,5,5,5,NA,NA,5,5,5,5,5,5,5,5,5,5,5,1,14
"090414-A10",7,2,2,2,2,NA,2,2,2,2,2,2,2,2,2,2,1,0.928571428571429,15
"090105-A02",8,2,2,2,2,NA,2,2,2,2,2,2,2,2,2,2,1,0.928571428571429,15
"090105-A03",9,4,4,4,NA,NA,4,4,4,1,4,1,4,4,4,4,4,0.846153846153846,14
"090325-A05",10,4,4,4,4,4,4,4,4,4,4,4,4,4,4,4,4,1,16
"090414-A11",11,3,3,3,NA,NA,3,3,3,3,3,3,3,3,3,3,3,1,14
"090226-A10",13,5,5,5,3,NA,5,5,5,5,5,5,5,5,5,5,5,0.928571428571429,15
"081215-A10",14,2,2,2,5,NA,2,2,2,2,2,2,2,2,2,2,2,0.928571428571429,15
"090414-A12",15,4,4,4,4,4,4,4,4,4,4,4,4,4,4,4,4,1,16
"081215-A12",16,1,1,1,3,NA,1,1,1,5,1,5,1,1,1,1,2,0.714285714285714,15
"090414-B01",17,3,3,3,NA,NA,3,3,3,3,3,3,3,3,3,3,3,1,14
"081216-D01",18,5,5,5,NA,NA,5,5,5,5,5,5,5,5,5,5,5,1,14
"090414-B02",20,2,2,2,2,5,2,2,2,2,2,2,2,2,2,2,1,0.866666666666667,16
"081216-D03",22,2,2,2,5,NA,2,2,2,2,2,2,2,2,2,2,2,0.928571428571429,15
"081216-D04",23,2,2,2,2,2,2,2,2,2,2,2,2,2,2,2,1,0.933333333333333,16
"090414-B04",24,2,2,2,2,2,2,2,2,2,2,2,2,2,2,2,1,0.933333333333333,16
"081216-D05",25,2,2,2,2,2,2,2,2,2,2,2,2,2,2,2,1,0.933333333333333,16
"081216-D06",26,2,2,2,2,2,2,2,2,2,2,2,2,2,2,2,1,0.933333333333333,16
"081216-D07",27,2,2,2,2,2,2,2,2,2,2,2,2,2,2,2,1,0.933333333333333,16
"090414-B05",29,3,3,3,NA,NA,3,3,3,3,3,3,3,3,3,3,3,1,14
"081216-D08",31,4,4,4,4,4,4,4,4,4,4,4,4,4,4,4,4,1,16
"090325-A06",32,4,4,4,4,4,4,4,4,4,4,4,4,4,4,4,4,1,16
"090325-A07",33,5,5,5,3,NA,5,5,5,5,5,5,5,5,5,5,5,0.928571428571429,15
"090414-B06",34,3,3,3,NA,NA,3,3,3,3,3,3,3,3,3,3,3,1,14
"090414-B07",35,3,3,3,NA,NA,3,3,3,3,3,3,3,3,3,3,3,1,14
"090414-B08",39,5,5,5,3,NA,5,5,5,5,5,5,5,5,5,5,5,0.928571428571429,15
"090325-A08",40,2,2,2,5,NA,2,2,2,2,2,2,2,2,2,2,2,0.928571428571429,15
"090414-B10",41,4,4,4,1,NA,4,4,4,1,4,1,4,4,4,4,4,0.785714285714286,15
"090414-C02",44,5,5,5,3,NA,5,5,5,5,5,5,5,5,5,5,5,0.928571428571429,15
"090325-A09",45,1,1,1,1,NA,1,1,1,1,1,1,1,1,1,1,2,0.928571428571429,15
"090325-A10",46,2,2,2,2,NA,2,2,2,2,2,2,2,2,2,2,1,0.928571428571429,15
"090414-B11",49,5,5,5,NA,NA,5,5,5,5,5,5,5,5,5,5,5,1,14
"090325-A11",50,5,5,5,3,NA,5,5,5,5,5,5,5,5,5,5,5,0.928571428571429,15
"090105-A06",51,4,4,4,4,NA,4,4,4,4,4,4,4,4,4,4,4,1,15
"090325-A12",53,1,1,1,3,NA,1,1,1,5,1,5,1,1,1,1,2,0.714285714285714,15
"090325-B02",56,4,4,4,4,4,4,4,4,4,4,4,4,4,4,4,4,1,16
"090226-A11",57,3,3,3,3,NA,3,3,3,3,3,3,3,3,3,3,3,1,15
"090226-A12",58,5,5,5,3,NA,5,5,5,5,5,5,5,5,5,5,5,0.928571428571429,15
"090414-B12",59,2,2,2,5,NA,2,2,2,2,2,2,2,2,2,2,2,0.928571428571429,15
"090226-B01",60,4,4,4,4,NA,4,4,4,4,4,4,4,4,4,4,4,1,15
"090226-B02",61,3,3,3,3,NA,3,3,3,3,3,3,3,3,3,3,3,1,15
"090414-C01",63,4,4,4,4,NA,4,4,4,4,4,4,4,4,4,4,4,1,15
"090226-B03",65,2,2,2,2,2,2,2,2,2,2,2,2,2,2,2,1,0.933333333333333,16
"090325-B03",66,3,3,3,NA,NA,3,3,3,3,3,3,3,3,3,3,3,1,14
"090226-B04",67,4,4,4,4,NA,4,4,4,4,4,4,4,4,4,4,4,1,15
"090325-B04",68,3,3,3,NA,NA,3,3,3,3,3,3,3,3,3,3,3,1,14
"090226-B05",69,2,2,2,2,2,2,2,2,2,2,2,2,2,2,2,1,0.933333333333333,16
"090226-B06",70,2,2,2,2,2,2,2,2,2,2,2,2,2,2,2,1,0.933333333333333,16
"090226-B07",71,3,3,3,3,NA,3,3,3,3,3,3,3,3,3,3,3,1,15
"090325-B08",73,2,2,2,2,NA,2,2,2,2,2,2,2,2,2,2,1,0.928571428571429,15
"090209-A05",74,3,3,3,NA,NA,3,3,3,3,3,3,3,3,3,3,3,1,14
"090209-A06",75,2,2,2,5,NA,2,2,2,2,2,2,2,2,2,2,2,0.928571428571429,15
"090209-A07",76,3,3,3,NA,NA,3,3,3,3,3,3,3,3,3,3,3,1,14
"090209-A08",77,3,3,3,NA,NA,3,3,3,3,3,3,3,3,3,3,3,1,14
"090209-A09",78,5,5,5,NA,NA,5,5,5,5,5,5,5,5,5,5,5,1,14
"090209-A10",79,4,4,4,4,5,4,4,4,4,4,4,4,4,4,4,4,0.933333333333333,16
"090209-A11",80,3,3,3,3,NA,3,3,3,2,3,2,3,2,2,3,3,0.714285714285714,15
"090209-A12",81,5,5,5,NA,NA,5,5,5,5,5,5,5,5,5,5,5,1,14
"090209-B01",83,4,4,4,4,4,4,4,4,4,4,4,4,4,4,4,4,1,16
"090325-B05",84,2,2,2,5,NA,2,2,2,2,2,2,2,2,2,2,2,0.928571428571429,15
"090325-B06",85,5,5,5,3,NA,5,5,5,5,5,5,5,5,5,5,5,0.928571428571429,15
"090209-B02",86,4,4,4,NA,NA,4,4,4,4,4,4,4,4,4,4,4,1,14
"090414-C03",87,2,2,2,1,NA,2,2,2,2,2,2,2,2,2,2,2,0.928571428571429,15
"090325-B07",88,5,5,5,NA,NA,5,5,5,5,5,5,5,5,5,5,5,1,14
"090414-C04",89,2,2,2,5,NA,2,2,2,2,2,2,2,2,2,2,1,0.857142857142857,15
"090209-B03",92,2,2,2,2,NA,2,2,2,2,2,2,2,2,2,2,1,0.928571428571429,15
"090209-B04",93,1,1,1,1,NA,1,1,1,1,1,1,1,1,1,1,2,0.928571428571429,15
"090209-B05",94,4,4,4,4,4,4,4,4,4,4,4,4,4,4,4,4,1,16
"090209-B07",96,2,2,2,NA,NA,2,2,2,2,2,2,2,2,2,2,2,1,14
"090325-B09",97,3,3,3,NA,NA,3,3,3,3,3,3,3,3,3,3,3,1,14
"090226-B09",98,2,2,2,5,1,2,2,2,2,2,2,2,2,2,2,2,0.866666666666667,16
"090209-B08",99,2,2,2,2,2,2,2,2,2,2,2,2,2,2,2,1,0.933333333333333,16
"090209-B09",100,2,4,4,4,NA,2,2,4,4,2,2,2,2,2,4,4,0.428571428571429,15
"090324-A02",101,2,2,2,5,NA,2,2,2,2,2,2,2,2,2,2,2,0.928571428571429,15
"090414-C05",102,3,3,3,NA,NA,3,3,3,3,3,3,3,3,3,3,3,1,14
"081216-D09",103,4,4,4,4,NA,4,4,4,4,4,4,4,4,4,4,4,1,15
"081216-D10",105,5,5,5,3,NA,5,5,5,5,5,5,5,5,5,5,5,0.928571428571429,15
"090209-B10",106,3,3,3,NA,NA,3,3,3,3,3,3,3,3,3,3,3,1,14
"081215-B02",107,2,2,2,2,NA,2,2,2,2,2,2,2,2,2,2,1,0.928571428571429,15
"090209-B12",108,2,2,2,2,2,2,2,2,2,2,2,2,2,2,2,1,0.933333333333333,16
"090414-C06",109,3,3,3,3,NA,3,3,3,3,3,3,3,3,3,3,3,1,15
"090209-C01",110,3,3,3,NA,NA,3,3,3,3,3,3,3,3,3,3,3,1,14
"090209-C02",111,2,2,2,5,NA,2,2,2,2,2,2,2,2,2,2,2,0.928571428571429,15
"090414-C08",113,4,4,4,1,NA,4,4,4,1,4,1,4,4,4,4,4,0.785714285714286,15
"090209-C03",114,2,2,2,2,2,2,2,2,2,2,2,2,2,2,2,1,0.933333333333333,16
"090209-C04",115,4,4,4,1,NA,4,4,4,1,4,1,4,4,4,4,4,0.785714285714286,15
"090324-A03",116,2,2,2,NA,NA,2,2,2,2,2,2,2,2,2,2,1,0.923076923076923,14
"090325-B10",117,3,3,3,3,NA,3,3,3,3,3,3,3,3,3,3,3,1,15
"090324-A04",118,4,4,4,1,NA,4,4,4,1,4,1,4,4,4,4,4,0.785714285714286,15
"090325-B11",119,3,3,3,3,NA,3,3,3,3,3,3,3,3,3,3,3,1,15
"090414-C09",120,2,2,2,2,2,2,2,2,2,2,2,2,2,2,2,1,0.933333333333333,16
"090324-A05",122,2,2,2,5,NA,2,2,2,2,2,2,2,2,2,2,2,0.928571428571429,15
"090324-A06",123,3,3,3,3,NA,3,3,3,3,3,3,3,3,3,3,3,1,15
"090414-C10",124,1,1,1,NA,NA,1,1,1,5,1,5,1,1,1,1,5,0.769230769230769,14
"090325-B12",125,3,3,3,3,NA,3,3,3,3,3,3,3,3,3,3,3,1,15
"090324-A08",128,4,4,4,4,NA,4,4,4,4,4,4,4,4,4,4,4,1,15
"090324-A09",129,3,3,3,3,NA,3,3,3,3,3,3,3,3,3,3,3,1,15
"090324-A10",130,3,3,3,3,NA,3,3,3,3,3,3,3,3,3,3,3,1,15
"090324-A11",131,5,5,5,NA,NA,5,5,5,5,5,5,5,5,5,5,5,1,14
"090324-A12",132,3,3,3,3,NA,3,3,3,3,3,3,3,3,3,3,3,1,15
"090324-B01",134,4,4,4,1,5,4,4,4,1,4,1,4,4,4,4,4,0.733333333333333,16
"090414-C11",136,3,3,3,NA,NA,3,3,3,3,3,3,3,3,3,3,3,1,14
"090324-B03",137,3,3,3,NA,NA,3,3,3,3,3,3,3,3,3,3,3,1,14
"090415-D01",138,3,3,3,NA,NA,3,3,3,3,3,3,3,3,3,3,3,1,14
"090324-B04",139,2,2,2,5,NA,2,2,2,2,2,2,2,2,2,2,2,0.928571428571429,15
"090324-B05",140,2,2,2,5,2,2,2,2,2,2,2,2,2,2,2,2,0.933333333333333,16
"090324-B06",141,3,3,3,3,NA,3,3,3,3,3,3,3,3,3,3,3,1,15
"090324-B07",142,3,3,3,NA,NA,3,3,3,3,3,3,3,3,3,3,3,1,14
"090324-B08",143,4,4,4,4,4,4,4,4,4,4,4,4,4,4,4,4,1,16
"090226-B12",144,4,4,4,4,4,4,4,4,4,4,4,4,4,4,4,4,1,16
"090324-B09",145,3,3,3,NA,NA,3,3,3,3,3,3,3,3,3,3,3,1,14
"090414-C12",146,3,3,3,NA,NA,3,3,3,3,3,3,3,3,3,3,3,1,14
"090324-B10",147,2,2,2,5,NA,2,2,2,2,2,2,2,2,2,2,2,0.928571428571429,15
"090324-B11",148,3,3,3,3,NA,3,3,3,3,3,3,3,3,3,3,3,1,15
"090324-B12",149,2,2,2,NA,NA,2,2,2,2,2,2,2,2,2,2,2,1,14
"090324-C01",150,2,2,2,5,1,2,2,2,2,2,2,2,2,2,2,2,0.866666666666667,16
"090226-B11",151,4,4,4,4,4,4,4,4,4,4,4,4,4,4,4,4,1,16
"090415-D02",152,5,5,5,3,NA,5,5,5,5,5,5,5,5,5,5,5,0.928571428571429,15
"090324-C02",153,5,5,5,NA,NA,5,5,5,5,5,5,5,5,5,5,5,1,14
"090324-C03",154,4,4,4,1,3,4,4,4,1,4,1,4,4,4,4,4,0.733333333333333,16
"090324-C04",155,4,4,4,1,3,4,4,4,1,4,1,4,4,4,4,4,0.733333333333333,16
"090324-C05",156,3,3,3,3,NA,3,3,3,3,3,3,3,3,3,3,3,1,15
"090324-C06",157,4,4,4,4,NA,4,4,4,4,4,4,4,4,4,4,4,1,15
"090324-C07",158,4,4,4,4,NA,4,4,4,4,4,4,4,4,4,4,4,1,15
"090324-C08",160,1,1,1,1,NA,1,1,1,1,1,1,1,1,1,1,2,0.928571428571429,15
"090325-C01",161,3,3,3,3,NA,3,3,3,3,3,3,3,3,3,3,3,1,15
"090415-D04",162,3,3,3,3,NA,3,3,3,3,3,3,3,3,3,3,3,1,15
"090415-D05",163,3,3,3,NA,NA,3,3,3,3,3,3,3,3,3,3,3,1,14
"090324-C09",164,2,2,2,5,NA,2,2,2,2,2,2,2,2,2,2,2,0.928571428571429,15
"090415-D03",165,2,2,2,NA,NA,2,2,2,2,2,2,2,2,2,2,2,1,14
"090415-D07",166,3,3,3,NA,NA,3,3,3,3,3,3,3,3,3,3,3,1,14
"090325-C02",168,3,3,3,3,NA,3,3,3,3,3,3,3,3,3,3,3,1,15
"090105-B05",171,3,3,3,NA,NA,3,3,3,3,3,3,3,3,3,3,3,1,14
"090226-A01",173,4,4,4,4,4,4,4,4,4,4,4,4,4,4,4,4,1,16
"090324-C10",174,2,2,2,5,NA,2,2,2,2,2,2,2,2,2,2,2,0.928571428571429,15
"090415-D06",175,2,2,2,2,2,2,2,2,2,2,2,2,2,2,2,1,0.933333333333333,16
"090105-B11",176,2,2,2,NA,NA,2,2,2,2,2,2,2,2,2,2,2,1,14
"090209-C05",177,4,4,4,4,5,4,4,4,4,4,4,4,4,4,4,4,0.933333333333333,16
"090325-C03",178,5,5,5,3,NA,5,5,5,5,5,5,5,5,5,5,5,0.928571428571429,15
"090209-C06",179,4,4,4,4,5,4,4,4,4,4,4,4,4,4,4,4,0.933333333333333,16
"090209-C07",180,4,4,4,4,5,4,4,4,4,4,4,4,4,4,4,4,0.933333333333333,16
"090209-C08",181,4,4,4,4,5,4,4,4,4,4,4,4,4,4,4,4,0.933333333333333,16
"090325-C04",182,2,2,2,2,5,2,2,2,2,2,2,2,2,2,2,1,0.866666666666667,16
"090209-C09",183,2,2,2,2,2,2,2,2,2,2,2,2,2,2,2,1,0.933333333333333,16
"090209-C10",184,4,4,4,1,NA,4,4,4,1,4,1,4,4,4,4,4,0.785714285714286,15
"090415-D08",185,2,2,2,2,NA,2,2,2,2,2,2,2,2,2,2,1,0.928571428571429,15
"090209-C11",186,4,4,4,4,NA,4,4,4,4,4,4,4,4,4,4,4,1,15
"090209-C12",187,2,2,2,5,1,2,2,2,2,2,2,2,2,2,2,2,0.866666666666667,16
"090415-D09",188,2,2,2,5,NA,2,2,2,2,2,2,2,2,2,2,2,0.928571428571429,15
"090415-D10",189,3,3,3,3,NA,3,3,3,3,3,3,3,3,3,3,3,1,15
"090209-D01",190,2,2,2,5,NA,2,2,2,2,2,2,2,2,2,2,2,0.928571428571429,15
"090209-D02",191,1,1,1,1,NA,1,1,1,1,1,1,1,1,1,1,2,0.928571428571429,15
"090209-D03",192,4,4,4,1,3,4,4,4,1,4,1,4,4,4,4,4,0.733333333333333,16
"090226-C01",193,2,2,2,2,2,2,2,2,2,2,2,2,2,2,2,2,1,16
"081215-B03",195,2,2,2,2,NA,2,2,2,2,2,2,2,2,2,2,1,0.928571428571429,15
"090226-C02",196,3,3,3,3,NA,3,3,3,3,3,3,3,3,3,3,3,1,15
"090226-C03",197,2,2,2,5,NA,2,2,2,2,2,2,2,2,2,2,2,0.928571428571429,15
"081215-B04",198,2,2,2,5,NA,2,2,2,2,2,2,2,2,2,2,2,0.928571428571429,15
"081215-B05",199,2,2,2,2,NA,2,2,2,2,2,2,2,2,2,2,1,0.928571428571429,15
"090226-C04",200,5,5,5,3,NA,5,5,5,5,5,5,5,5,5,5,5,0.928571428571429,15
"090226-C05",201,2,2,2,2,2,2,2,2,2,2,2,2,2,2,2,1,0.933333333333333,16
"090226-C06",202,2,2,2,2,2,2,2,2,2,2,2,2,2,2,2,1,0.933333333333333,16
"090226-C07",203,3,3,3,NA,NA,3,3,3,3,3,3,3,3,3,3,3,1,14
"090226-C08",205,4,4,4,1,3,4,4,4,1,4,1,4,4,4,4,4,0.733333333333333,16
"081215-B06",206,3,3,3,NA,NA,3,3,3,3,3,3,3,3,3,3,3,1,14
"090226-C09",207,3,3,3,NA,NA,3,3,3,3,3,3,3,3,3,3,3,1,14
"090226-C10",208,3,3,3,NA,NA,3,3,3,3,3,3,3,3,3,3,3,1,14
"090324-C11",209,3,3,3,NA,NA,3,3,3,3,3,3,3,3,3,3,3,1,14
"090324-C12",204,4,4,4,4,NA,4,4,4,4,4,4,4,4,4,4,4,1,15
"090324-D01",211,2,2,2,5,NA,2,2,2,2,2,2,2,2,2,2,2,0.928571428571429,15
"090324-D02",212,2,2,2,2,NA,2,2,2,2,2,2,2,2,2,2,1,0.928571428571429,15
"090415-D12",213,2,2,2,2,NA,2,2,2,2,2,2,2,2,2,2,1,0.928571428571429,15
"090324-D03",214,2,2,2,5,NA,2,2,2,2,2,2,2,2,2,2,2,0.928571428571429,15
"090324-D04",215,2,2,2,2,NA,2,2,2,2,2,2,2,2,2,2,1,0.928571428571429,15
"090324-D06",217,2,2,2,5,1,2,2,2,2,2,2,2,2,2,2,2,0.866666666666667,16
"090324-D07",218,2,2,2,5,NA,2,2,2,2,2,2,2,2,2,2,2,0.928571428571429,15
"090324-D08",219,4,4,4,1,NA,4,4,4,1,4,1,4,4,4,4,4,0.785714285714286,15
"090324-D09",220,4,4,4,1,NA,4,4,4,1,4,1,4,4,4,4,4,0.785714285714286,15
"090325-C05",221,1,1,1,1,NA,1,1,1,1,1,1,1,1,1,1,2,0.928571428571429,15
"090324-D11",223,2,2,2,2,NA,2,2,2,2,2,2,2,2,2,2,1,0.928571428571429,15
"090324-D12",224,4,4,4,NA,NA,4,4,4,1,4,1,4,4,4,4,4,0.846153846153846,14
"090331-E04",228,5,5,5,NA,NA,5,5,5,5,5,5,5,5,5,5,5,1,14
"090331-E07",232,4,4,4,4,NA,4,4,4,4,4,4,4,4,4,4,4,1,15
"090325-C06",233,4,4,4,4,4,4,4,4,4,4,4,4,4,4,4,4,1,16
"090105-C10",234,3,3,3,NA,NA,3,3,3,3,3,3,3,3,3,3,3,1,14
"090105-C09",235,3,3,3,3,NA,3,3,3,3,3,3,3,3,3,3,3,1,15
"090105-C08",236,2,2,2,5,NA,2,2,2,2,2,2,2,2,2,2,4,0.857142857142857,15
"090105-C02",237,4,4,4,1,NA,4,4,4,1,4,1,4,4,4,4,4,0.785714285714286,15
"090325-C07",240,2,2,2,2,NA,2,2,2,2,2,2,2,2,2,2,1,0.928571428571429,15
"090331-E08",241,3,3,3,NA,NA,3,3,3,3,3,3,3,3,3,3,3,1,14
"090331-E09",242,2,2,2,2,NA,2,2,2,2,2,2,2,2,2,2,1,0.928571428571429,15
"090226-C11",243,4,4,4,1,NA,4,4,4,1,4,1,4,4,4,4,4,0.785714285714286,15
"090325-C08",248,4,4,4,1,5,4,4,4,4,4,4,4,4,4,4,4,0.866666666666667,16
"090331-F01",250,4,4,4,NA,NA,4,4,4,4,4,4,4,4,4,4,4,1,14
"090331-E12",251,2,2,2,5,NA,2,2,2,2,2,2,2,2,2,2,2,0.928571428571429,15
"090415-E07",254,3,3,3,3,NA,3,3,3,3,3,3,3,3,3,3,3,1,15
"090415-E06",255,3,3,3,3,NA,3,3,3,3,3,3,3,3,3,3,3,1,15
"090331-F06",258,2,2,2,NA,NA,2,2,2,2,2,2,2,2,2,2,1,0.923076923076923,14
"090331-F07",259,3,3,3,NA,NA,3,3,3,3,3,3,3,3,3,3,5,0.923076923076923,14
"090415-E08",262,5,5,5,3,NA,5,5,5,5,5,5,5,5,5,5,5,0.928571428571429,15
"090331-F08",264,4,4,4,1,NA,4,4,4,1,4,1,4,4,4,4,4,0.785714285714286,15
"090226-C12",266,4,4,4,1,NA,4,4,4,1,4,1,4,4,4,4,4,0.785714285714286,15
"090226-D01",267,4,4,4,4,4,4,4,4,4,4,4,4,4,4,4,4,1,16
"090226-D02",268,4,4,4,1,NA,4,4,4,1,4,1,4,4,4,4,4,0.785714285714286,15
"090226-D03",269,3,3,3,3,NA,3,3,3,3,3,3,3,3,3,3,3,1,15
"081215-B07",270,4,4,4,1,3,4,4,4,1,4,1,4,4,4,4,4,0.733333333333333,16
"090226-D04",271,4,4,4,1,3,4,4,4,1,4,1,4,4,4,4,4,0.733333333333333,16
"090415-E09",272,2,2,3,3,NA,3,2,2,2,2,2,3,2,2,2,3,0.285714285714286,15
"090226-D05",273,2,2,2,2,2,2,2,2,2,2,2,2,2,2,2,1,0.933333333333333,16
"090226-D06",274,2,2,2,5,2,2,2,2,2,2,2,2,2,2,2,2,0.933333333333333,16
"090226-D07",275,4,4,4,NA,NA,4,4,4,4,4,4,4,4,4,4,4,1,14
"090226-D08",276,5,5,5,NA,NA,5,5,5,5,5,5,5,5,5,5,5,1,14
"090226-D09",277,4,4,4,4,5,4,4,4,4,4,4,4,4,4,4,4,0.933333333333333,16
"090226-D10",278,3,3,3,4,NA,4,4,3,3,3,3,4,3,3,3,4,0.642857142857143,15
"090325-C09",279,4,4,4,1,NA,4,4,4,1,4,1,4,4,4,4,4,0.785714285714286,15
"090325-C10",280,2,2,2,2,2,2,2,2,2,2,2,2,2,2,2,1,0.933333333333333,16
"090105-C03",282,4,4,4,4,5,4,4,4,4,4,4,4,4,4,4,4,0.933333333333333,16
"090105-C06",283,4,4,4,4,NA,4,4,4,4,4,4,4,4,4,4,4,1,15
"090105-C04",285,2,2,2,2,NA,2,2,2,2,2,2,2,2,2,2,1,0.928571428571429,15
"090105-D02",287,4,4,4,NA,NA,4,4,4,1,4,1,4,4,4,4,4,0.846153846153846,14
"090105-C07",288,4,4,4,1,NA,4,4,4,1,4,1,4,4,4,4,4,0.785714285714286,15
"090325-C11",289,4,4,4,1,3,4,4,4,1,4,1,4,4,4,4,4,0.733333333333333,16
"090325-C12",290,4,4,4,4,NA,4,4,4,4,4,4,4,4,4,4,4,1,15
"081215-B08",291,4,4,4,4,NA,4,4,4,4,4,4,4,4,4,4,4,1,15
"090325-D01",296,4,4,4,4,NA,4,4,4,4,4,4,4,4,4,4,4,1,15
"090325-D02",297,4,4,4,4,5,4,4,4,4,4,4,4,4,4,4,4,0.933333333333333,16
"090415-E11",298,3,3,3,NA,NA,3,3,3,3,3,3,3,3,3,3,3,1,14
"090325-D03",299,3,3,3,3,NA,3,3,3,3,3,3,3,3,3,3,3,1,15
"081215-B09",300,4,4,4,1,5,4,4,4,4,4,4,4,4,4,4,4,0.866666666666667,16
"090325-D04",301,4,4,4,1,NA,4,4,4,1,4,1,4,4,4,4,4,0.785714285714286,15
"090325-D05",302,4,4,4,1,NA,4,4,4,1,4,1,4,4,4,4,4,0.785714285714286,15
"090325-D06",303,4,4,4,4,5,4,4,4,4,4,4,4,4,4,4,4,0.933333333333333,16
"090325-D07",304,3,3,3,NA,NA,3,3,3,3,3,3,3,3,3,3,3,1,14
"090415-E12",305,4,4,4,1,NA,4,4,4,1,4,1,4,4,4,4,4,0.785714285714286,15
"090226-D12",306,4,4,4,1,NA,4,4,4,1,4,1,4,4,4,4,4,0.785714285714286,15
"090302-E01",308,2,2,2,2,NA,2,2,2,2,2,2,2,2,2,2,1,0.928571428571429,15
"090302-E02",309,2,2,2,2,NA,2,2,2,2,2,2,2,2,2,2,1,0.928571428571429,15
"090302-E03",310,2,2,2,2,NA,2,2,2,2,2,2,2,2,2,2,1,0.928571428571429,15
"090302-E04",311,4,4,4,4,4,4,4,4,4,4,4,4,4,4,4,4,1,16
"090325-D08",312,5,5,5,3,NA,5,5,5,5,5,5,5,5,5,5,5,0.928571428571429,15
"090302-E05",313,3,3,3,NA,NA,3,3,3,3,3,3,3,3,3,3,3,1,14
"090302-F02",314,5,5,5,NA,NA,5,5,5,5,5,5,5,5,5,5,5,1,14
"090302-E07",315,3,3,3,3,NA,3,3,3,3,3,3,3,3,3,3,3,1,15
"090302-E08",316,5,5,5,3,NA,5,5,5,5,5,5,5,5,5,5,5,0.928571428571429,15
"090302-E09",317,5,5,5,3,NA,5,5,5,5,5,5,5,5,5,5,5,0.928571428571429,15
"090302-E10",318,5,5,5,3,NA,5,5,5,5,5,5,5,5,5,5,5,0.928571428571429,15
"090302-E12",320,5,5,5,3,NA,5,5,5,5,5,5,5,5,5,5,5,0.928571428571429,15
"090302-F01",321,5,5,5,3,NA,5,5,5,5,5,5,5,5,5,5,5,0.928571428571429,15
"090302-F03",323,5,5,5,3,NA,5,5,5,5,5,5,5,5,5,5,5,0.928571428571429,15
"090302-F04",324,5,5,5,NA,NA,5,5,5,5,5,5,5,5,5,5,5,1,14
"090302-F05",325,3,3,3,NA,NA,3,3,3,3,3,3,3,3,3,3,3,1,14
"090302-F08",328,5,5,5,NA,NA,5,5,5,5,5,5,5,5,5,5,5,1,14
"090302-F09",329,5,5,5,NA,NA,5,5,5,5,5,5,5,5,5,5,5,1,14
"090302-F10",330,5,5,5,NA,NA,5,5,5,5,5,5,5,5,5,5,5,1,14
"090302-F12",332,3,3,3,NA,NA,3,3,3,3,3,3,3,3,3,3,3,1,14
"090302-G01",333,4,4,4,4,NA,4,4,4,4,4,4,4,4,4,4,4,1,15
"090302-G02",334,4,4,4,NA,NA,4,4,4,4,4,4,4,4,4,4,4,1,14
"090331-G02",340,1,1,1,NA,NA,1,1,1,5,1,5,1,1,1,1,5,0.769230769230769,14
"090331-G05",343,4,4,4,1,3,4,4,4,1,4,1,4,4,4,4,4,0.733333333333333,16
"090331-G06",344,1,1,1,NA,NA,1,1,1,5,1,5,1,1,1,1,5,0.769230769230769,14
"090331-G07",345,5,5,5,NA,NA,5,5,5,5,5,5,5,5,5,5,5,1,14
"090331-G10",348,3,3,3,3,NA,3,3,3,3,3,3,3,3,3,3,3,1,15
"090415-F01",350,2,2,2,5,NA,2,2,2,2,2,2,2,2,2,2,2,0.928571428571429,15
"090331-H02",353,5,5,5,3,NA,5,5,5,5,5,5,5,5,5,5,5,0.928571428571429,15
"090331-H04",355,4,4,4,NA,NA,4,4,4,1,4,1,4,4,4,4,4,0.846153846153846,14
"090331-H07",358,2,2,2,5,NA,2,2,2,2,2,2,2,2,2,2,2,0.928571428571429,15
"090331-H08",359,5,5,5,NA,NA,5,5,5,5,5,5,5,5,5,5,5,1,14
"090209-D04",361,4,4,4,4,5,4,4,4,4,4,4,4,4,4,4,4,0.933333333333333,16
"090331-H10",363,4,4,4,NA,NA,4,4,4,4,4,4,4,4,4,4,4,1,14
"090302-G05",366,4,4,4,4,4,4,4,4,4,4,4,4,4,4,4,4,1,16
"090415-F03",367,2,2,2,5,NA,2,2,2,2,2,2,2,2,2,2,2,0.928571428571429,15
"090331-H12",368,4,4,4,1,3,4,4,4,4,4,1,4,4,4,4,4,0.8,16
"090325-D09",369,5,5,5,NA,NA,5,5,5,5,5,5,5,5,5,5,5,1,14
"090302-G06",370,5,5,5,3,NA,5,5,5,5,5,5,5,5,5,5,5,0.928571428571429,15
"090302-G07",371,5,5,5,NA,NA,5,5,5,5,5,5,5,5,5,5,5,1,14
"090302-G08",372,5,5,5,NA,NA,5,5,5,5,5,5,5,5,5,5,5,1,14
"090302-G11",375,2,2,2,2,2,2,2,2,2,2,2,2,2,2,2,1,0.933333333333333,16
"090302-G12",376,4,4,4,1,NA,4,4,4,1,4,1,4,4,4,4,4,0.785714285714286,15
"090415-F04",377,2,2,2,2,2,2,2,2,2,2,2,2,2,2,2,1,0.933333333333333,16
"090302-H03",380,4,4,4,4,4,4,4,4,4,4,4,4,4,4,4,4,1,16
"090302-H04",381,2,2,2,5,NA,2,2,2,2,2,2,2,2,2,2,2,0.928571428571429,15
"090302-H07",384,2,2,2,2,2,2,2,2,2,2,2,2,2,2,2,1,0.933333333333333,16
"090302-H08",385,3,3,3,3,NA,3,3,3,3,3,3,3,3,3,3,3,1,15
"090302-H09",386,2,2,2,2,2,2,2,2,2,2,2,2,2,2,2,1,0.933333333333333,16
"090302-H10",387,4,4,4,4,NA,4,4,4,4,4,4,4,4,4,4,4,1,15
"090302-H12",389,2,2,2,5,2,2,2,2,2,2,2,2,2,2,2,2,0.933333333333333,16
"090325-D10",391,2,2,2,5,NA,2,2,2,2,2,2,2,2,2,2,2,0.928571428571429,15
"090325-D11",392,2,2,2,2,2,2,2,2,2,2,2,2,2,2,2,1,0.933333333333333,16
"090330-E01",394,2,2,2,2,NA,2,2,2,2,2,2,2,2,2,2,1,0.928571428571429,15
"090330-E02",395,2,2,2,2,NA,2,2,2,2,2,2,2,2,2,2,1,0.928571428571429,15
"090330-E03",396,2,2,2,5,NA,2,2,2,2,2,2,2,2,2,2,2,0.928571428571429,15
"090209-A02",398,3,3,3,3,NA,3,3,3,3,3,3,3,3,3,3,3,1,15
"090415-F05",399,2,2,2,5,NA,2,2,2,2,2,2,2,2,2,2,2,0.928571428571429,15
"090415-F06",400,3,3,3,NA,NA,3,3,3,3,3,3,3,3,3,3,3,1,14
"090415-F07",616,3,3,3,3,NA,3,3,3,3,3,3,3,3,3,3,3,1,15
"090415-F09",619,2,2,2,5,NA,2,2,2,2,2,2,2,2,2,2,2,0.928571428571429,15
"090415-F10",621,2,2,2,5,NA,2,2,2,2,2,2,2,2,2,2,2,0.928571428571429,15
"090415-F11",622,2,2,2,2,NA,2,2,2,2,2,2,2,2,2,2,1,0.928571428571429,15
"090414-A06",628,2,2,2,5,NA,2,2,2,2,2,2,2,2,2,2,2,0.928571428571429,15
"090414-A08",635,2,2,2,5,NA,2,2,2,2,2,2,2,2,2,2,2,0.928571428571429,15
"081215-B10",636,3,3,3,3,NA,3,3,3,3,3,3,3,3,3,3,3,1,15
"081215-B11",637,5,5,5,3,NA,5,5,5,5,5,5,5,5,5,5,5,0.928571428571429,15
"081215-B12",638,2,2,2,2,2,2,2,2,2,2,2,2,2,2,2,1,0.933333333333333,16
"090105-D05",639,4,4,4,4,NA,4,4,4,4,4,4,4,4,4,4,4,1,15
"081215-C01",640,1,1,1,1,NA,1,1,1,1,1,1,1,1,1,1,2,0.928571428571429,15
"090330-E04",641,4,4,4,4,4,4,4,4,4,4,4,4,4,4,4,4,1,16
"081215-C02",642,3,3,3,3,NA,3,3,3,3,3,3,3,3,3,3,3,1,15
"081215-C03",643,3,3,3,3,NA,3,3,3,3,3,3,3,3,3,3,3,1,15
"081215-C04",644,3,3,3,3,NA,3,3,3,3,3,3,3,3,3,3,3,1,15
"081215-C5",645,4,4,4,4,NA,4,4,4,4,4,4,4,4,4,4,4,1,15
"081215-C07",647,2,2,2,5,NA,2,2,2,2,2,2,2,2,2,2,2,0.928571428571429,15
"081215-C9",651,5,5,5,NA,NA,5,5,5,5,5,5,5,5,5,5,5,1,14
"090818-A02",12,1,1,1,3,NA,1,1,1,1,1,1,1,1,1,1,2,0.857142857142857,15
"090818-A03",19,5,5,5,NA,NA,5,5,5,5,5,5,5,5,5,5,5,1,14
"090818-A04",30,3,3,3,3,NA,3,3,3,3,3,3,3,3,3,3,3,1,15
"090818-A05",36,4,4,4,4,5,4,4,4,4,4,4,4,4,4,4,4,0.933333333333333,16
"090818-A06",52,4,4,4,1,NA,4,4,4,1,4,1,4,4,4,4,4,0.785714285714286,15
"090818-A07",54,2,2,2,5,2,2,2,2,2,2,2,2,2,2,2,2,0.933333333333333,16
"090818-A08",62,4,4,4,4,4,4,4,4,4,4,4,4,4,4,4,4,1,16
"090818-A09",64,4,4,4,4,4,4,4,4,4,4,4,4,4,4,4,4,1,16
"090818-A10",91,4,4,4,4,5,4,4,4,4,4,4,4,4,4,4,4,0.933333333333333,16
"090818-A11",104,4,4,4,4,4,4,4,4,4,4,4,4,4,4,4,4,1,16
"090818-A12",159,3,3,3,NA,NA,3,3,3,3,3,3,3,3,3,3,3,1,14
"090820-B01",169,4,4,4,1,3,4,4,4,1,4,1,4,4,4,4,4,0.733333333333333,16
"090820-B02",170,2,2,2,5,NA,2,2,2,2,2,2,2,2,2,2,2,0.928571428571429,15
"090820-B03",172,3,3,3,3,NA,3,3,3,3,3,3,3,3,3,3,3,1,15
"090820-B04",229,2,2,2,2,2,2,2,2,2,2,2,2,2,2,2,1,0.933333333333333,16
"090820-B05",245,4,4,4,1,NA,4,4,4,1,4,1,4,4,4,4,4,0.785714285714286,15
"090820-B06",247,4,4,4,1,3,4,4,4,1,4,1,4,4,4,4,4,0.733333333333333,16
"090820-B07",263,4,4,4,1,3,4,4,4,1,4,1,4,4,4,4,4,0.733333333333333,16
"090820-B08",265,4,4,4,NA,NA,4,4,4,1,4,1,4,4,4,4,4,0.846153846153846,14
"090820-B09",281,4,4,4,4,5,4,4,4,4,4,4,4,4,4,4,4,0.933333333333333,16
"090820-B10",284,3,3,3,3,NA,3,3,3,3,3,3,3,3,3,3,3,1,15
"090820-B11",292,4,4,4,1,3,4,4,4,1,4,1,4,4,4,4,4,0.733333333333333,16
"090820-B12",294,3,3,3,3,NA,3,3,3,3,3,3,3,3,3,3,3,1,15
"090820-C01",295,4,4,4,4,3,4,4,4,4,4,4,4,4,4,4,4,0.933333333333333,16
"090820-C05",620,3,3,3,3,NA,3,3,3,3,3,3,3,3,3,3,3,1,15
"090820-C06",623,3,3,3,3,NA,3,3,3,3,3,3,3,3,3,3,3,1,15
"090820-C07",624,2,2,2,5,NA,2,2,2,2,2,2,2,2,2,2,2,0.928571428571429,15
"090820-C08",625,2,2,2,5,NA,2,2,2,2,2,2,2,2,2,2,2,0.928571428571429,15
"090820-C09",626,3,3,3,3,NA,3,3,3,3,3,3,3,3,3,3,3,1,15
"090820-C10",627,2,2,2,5,1,2,2,2,2,2,2,2,2,2,2,2,0.866666666666667,16
"090820-C11",630,2,2,2,5,NA,2,2,2,2,2,2,2,2,2,2,2,0.928571428571429,15
"090820-C12",632,2,2,2,NA,NA,2,2,2,2,2,2,2,2,2,2,2,1,14
"090818-D02",634,3,3,3,3,NA,3,3,3,3,3,3,3,3,3,3,3,1,15
"@52067200649406102410408632092214",244,4,2,4,NA,NA,4,4,4,2,4,2,2,2,2,2,2,0.384615384615385,14
"@52067200649406102410408632092221",135,2,2,2,2,2,2,2,2,2,2,2,2,2,2,2,1,0.933333333333333,16
"@52067200649406102410408632092225",326,5,5,5,NA,NA,5,5,5,5,5,5,5,5,5,5,5,1,14
"@52067200649406102410408632092227",37,2,2,2,5,1,2,2,2,2,2,2,2,2,2,2,2,0.866666666666667,16
"@52067200649406102410408632092231",629,2,2,2,5,1,2,2,2,2,2,2,2,2,2,2,2,0.866666666666667,16
"@52067200649406102410408632092233",342,2,2,2,2,2,2,2,2,2,2,2,2,2,2,2,1,0.933333333333333,16
"@52067200649406102410408632092236",319,5,5,5,3,NA,5,5,5,5,5,5,5,5,5,5,5,0.928571428571429,15
"@52067200649406102410408632092240",90,3,3,3,3,NA,3,3,3,3,3,3,3,3,3,3,3,1,15
"@52067200649406102410408632092246",327,5,5,5,NA,NA,5,5,5,5,5,5,5,5,5,5,5,1,14
"@52067200649406102410408632092248",322,5,5,5,3,NA,5,5,5,5,5,5,5,5,5,5,5,0.928571428571429,15
"@52067200649406102410408632092250",112,1,1,1,3,NA,1,1,1,5,1,5,1,1,1,1,5,0.714285714285714,15
"@52067200649406102410408632092260",352,2,2,2,2,2,2,2,2,2,2,2,2,2,2,2,1,0.933333333333333,16
"@52067200649406102410408632092272",231,3,3,3,3,NA,3,3,3,3,3,3,3,3,3,3,3,1,15
"@52067200649406102410408632092281",227,5,5,5,NA,NA,5,5,5,5,5,5,5,5,5,5,5,1,14
"@52067200649406102410408632092282",167,2,2,2,5,1,2,2,2,2,2,2,2,2,2,2,2,0.866666666666667,16
"@52067200649406102410408632092292",253,2,2,2,2,NA,2,2,2,2,2,2,2,2,2,2,1,0.928571428571429,15
"@52067200649406102410408632092294",246,5,5,5,NA,NA,5,5,5,5,5,5,5,5,5,5,5,1,14
"@52067200649406102410408632092297",239,2,2,2,2,2,2,2,2,2,2,2,2,2,2,2,1,0.933333333333333,16
"@52067200649406102410408632092300",397,2,2,2,5,1,2,2,2,2,2,2,2,2,2,2,2,0.866666666666667,16
"@52067200649406102410408632092303",373,1,1,1,3,NA,1,1,1,5,1,5,1,1,1,1,2,0.714285714285714,15
"@52067200649407102410408632092327",338,4,4,4,4,NA,4,4,4,4,4,4,4,4,4,4,4,1,15
"@52067200649407102410408632092330",249,4,4,4,NA,NA,4,4,4,1,4,1,4,4,4,4,4,0.846153846153846,14
"@52067200649407102410408632092336",388,4,4,4,4,NA,4,4,4,4,4,4,4,4,4,4,4,1,15
"@52067200649407102410408632092338",365,4,4,4,4,NA,4,4,4,4,4,4,4,4,4,4,4,1,15
"@52067200649407102410408632092341",307,4,4,4,4,3,4,4,4,4,4,4,4,4,4,4,4,0.933333333333333,16
"@52067200649407102410408632092354",21,3,3,3,3,NA,3,3,3,3,3,3,3,3,3,3,3,1,15
"@52067200649407102410408632092363",256,4,4,4,1,NA,4,4,4,1,4,1,4,4,4,4,4,0.785714285714286,15
"@52067200649407102410408632092365",339,3,3,3,3,NA,3,3,3,3,3,3,3,3,3,3,3,1,15
"@52067200649407102410408632092399",133,4,4,4,4,1,4,4,4,1,4,1,4,4,4,4,4,0.8,16
"@52067200649407102410408632092410",216,4,4,4,4,4,4,4,4,4,4,4,4,4,4,4,4,1,16
