"Scenario1","Scenario2","PC1_Corr","PC2_Corr"
"G0:GENOnone","G0:GENOnone",1,1
"G0:GENOnone","G1:GENO20",0.9997,0.9996
"G0:GENOnone","G2:GENO10",0.9994,0.999
"G0:GENOnone","G4:GENO02",0.9992,-0.9947
"G0:GENOnone","L0:LDnone",0.9936,0.0623
"G0:GENOnone","L1:LD08",0.996,0.0548
"G0:GENOnone","L2:LD05",0.9983,0.3093
"G0:GENOnone","L4:LD100",0.9952,0.9926
"G0:GENOnone","M0:MAFnone",0.9988,0.9976
"G0:GENOnone","M1:MAF01",0.9988,0.9973
"G0:GENOnone","M2:MAF03",0.9994,0.998
"G0:GENOnone","M4:MAF10",0.999,-0.9958
"G0:GENOnone","S0:NoMind",0.9992,0.9943
"G0:GENOnone","S1:Mind10After",0.9992,0.9966
"G0:GENOnone","S2:Mind05",0.9955,0.9895
"G0:GENOnone","S3:Mind10Baseline",0.9995,0.9963
"G0:GENOnone","S4:Mind02",-0.9365,-0.1785
"G1:GENO20","G0:GENOnone",0.9997,0.9996
"G1:GENO20","G1:GENO20",1,1
"G1:GENO20","G2:GENO10",0.9996,0.999
"G1:GENO20","G4:GENO02",0.9993,-0.9954
"G1:GENO20","L0:LDnone",0.9936,0.0645
"G1:GENO20","L1:LD08",0.996,0.057
"G1:GENO20","L2:LD05",0.9987,0.3124
"G1:GENO20","L4:LD100",0.9943,0.9917
"G1:GENO20","M0:MAFnone",0.9991,0.9976
"G1:GENO20","M1:MAF01",0.9991,0.9973
"G1:GENO20","M2:MAF03",0.9995,0.9981
"G1:GENO20","M4:MAF10",0.9989,-0.9966
"G1:GENO20","S0:NoMind",0.9994,0.9951
"G1:GENO20","S1:Mind10After",0.9992,0.997
"G1:GENO20","S2:Mind05",0.9943,0.9885
"G1:GENO20","S3:Mind10Baseline",0.9995,0.9966
"G1:GENO20","S4:Mind02",-0.9256,-0.1825
"G2:GENO10","G0:GENOnone",0.9994,0.999
"G2:GENO10","G1:GENO20",0.9996,0.999
"G2:GENO10","G2:GENO10",1,1
"G2:GENO10","G4:GENO02",0.999,-0.9969
"G2:GENO10","L0:LDnone",0.9929,0.0865
"G2:GENO10","L1:LD08",0.9952,0.0787
"G2:GENO10","L2:LD05",0.999,0.3327
"G2:GENO10","L4:LD100",0.9945,0.9938
"G2:GENO10","M0:MAFnone",0.9989,0.9988
"G2:GENO10","M1:MAF01",0.999,0.9987
"G2:GENO10","M2:MAF03",0.9994,0.9992
"G2:GENO10","M4:MAF10",0.999,-0.9968
"G2:GENO10","S0:NoMind",0.9991,0.9966
"G2:GENO10","S1:Mind10After",0.999,0.9983
"G2:GENO10","S2:Mind05",0.995,0.9885
"G2:GENO10","S3:Mind10Baseline",0.9994,0.998
"G2:GENO10","S4:Mind02",-0.9333,-0.1649
"G4:GENO02","G0:GENOnone",0.9992,-0.9947
"G4:GENO02","G1:GENO20",0.9993,-0.9954
"G4:GENO02","G2:GENO10",0.999,-0.9969
"G4:GENO02","G4:GENO02",1,1
"G4:GENO02","L0:LDnone",0.9944,-0.1385
"G4:GENO02","L1:LD08",0.9967,-0.1307
"G4:GENO02","L2:LD05",0.9982,-0.3817
"G4:GENO02","L4:LD100",0.994,-0.9934
"G4:GENO02","M0:MAFnone",0.9989,-0.9974
"G4:GENO02","M1:MAF01",0.9989,-0.9977
"G4:GENO02","M2:MAF03",0.9994,-0.9979
"G4:GENO02","M4:MAF10",0.9987,0.9963
"G4:GENO02","S0:NoMind",0.9993,-0.9986
"G4:GENO02","S1:Mind10After",0.9991,-0.9985
"G4:GENO02","S2:Mind05",0.9932,-0.9869
"G4:GENO02","S3:Mind10Baseline",0.9995,-0.9981
"G4:GENO02","S4:Mind02",-0.9004,0.1795
"L0:LDnone","G0:GENOnone",0.9936,0.0623
"L0:LDnone","G1:GENO20",0.9936,0.0645
"L0:LDnone","G2:GENO10",0.9929,0.0865
"L0:LDnone","G4:GENO02",0.9944,-0.1385
"L0:LDnone","L0:LDnone",1,1
"L0:LDnone","L1:LD08",0.9993,0.9994
"L0:LDnone","L2:LD05",0.9948,0.9642
"L0:LDnone","L4:LD100",0.9854,0.1252
"L0:LDnone","M0:MAFnone",0.9933,0.1034
"L0:LDnone","M1:MAF01",0.9936,0.1097
"L0:LDnone","M2:MAF03",0.9938,0.1024
"L0:LDnone","M4:MAF10",0.9926,-0.0963
"L0:LDnone","S0:NoMind",0.9934,0.1464
"L0:LDnone","S1:Mind10After",0.9926,0.1173
"L0:LDnone","S2:Mind05",0.9831,0.0642
"L0:LDnone","S3:Mind10Baseline",0.9942,0.1252
"L0:LDnone","S4:Mind02",-0.9481,0.0029
"L1:LD08","G0:GENOnone",0.996,0.0548
"L1:LD08","G1:GENO20",0.996,0.057
"L1:LD08","G2:GENO10",0.9952,0.0787
"L1:LD08","G4:GENO02",0.9967,-0.1307
"L1:LD08","L0:LDnone",0.9993,0.9994
"L1:LD08","L1:LD08",1,1
"L1:LD08","L2:LD05",0.9965,0.9626
"L1:LD08","L4:LD100",0.9891,0.118
"L1:LD08","M0:MAFnone",0.9956,0.0956
"L1:LD08","M1:MAF01",0.9959,0.1018
"L1:LD08","M2:MAF03",0.9962,0.0947
"L1:LD08","M4:MAF10",0.995,-0.0889
"L1:LD08","S0:NoMind",0.9961,0.1388
"L1:LD08","S1:Mind10After",0.9955,0.1095
"L1:LD08","S2:Mind05",0.9876,0.0544
"L1:LD08","S3:Mind10Baseline",0.9965,0.1179
"L1:LD08","S4:Mind02",-0.9485,-0.0336
"L2:LD05","G0:GENOnone",0.9983,0.3093
"L2:LD05","G1:GENO20",0.9987,0.3124
"L2:LD05","G2:GENO10",0.999,0.3327
"L2:LD05","G4:GENO02",0.9982,-0.3817
"L2:LD05","L0:LDnone",0.9948,0.9642
"L2:LD05","L1:LD08",0.9965,0.9626
"L2:LD05","L2:LD05",1,1
"L2:LD05","L4:LD100",0.9918,0.3624
"L2:LD05","M0:MAFnone",0.9983,0.349
"L2:LD05","M1:MAF01",0.9984,0.3547
"L2:LD05","M2:MAF03",0.9986,0.348
"L2:LD05","M4:MAF10",0.998,-0.3414
"L2:LD05","S0:NoMind",0.9984,0.3904
"L2:LD05","S1:Mind10After",0.9981,0.3625
"L2:LD05","S2:Mind05",0.9928,0.3634
"L2:LD05","S3:Mind10Baseline",0.9985,0.3694
"L2:LD05","S4:Mind02",-0.9414,-0.1376
"L4:LD100","G0:GENOnone",0.9952,0.9926
"L4:LD100","G1:GENO20",0.9943,0.9917
"L4:LD100","G2:GENO10",0.9945,0.9938
"L4:LD100","G4:GENO02",0.994,-0.9934
"L4:LD100","L0:LDnone",0.9854,0.1252
"L4:LD100","L1:LD08",0.9891,0.118
"L4:LD100","L2:LD05",0.9918,0.3624
"L4:LD100","L4:LD100",1,1
"L4:LD100","M0:MAFnone",0.9937,0.9927
"L4:LD100","M1:MAF01",0.9938,0.9929
"L4:LD100","M2:MAF03",0.9948,0.9941
"L4:LD100","M4:MAF10",0.9953,-0.9939
"L4:LD100","S0:NoMind",0.9947,0.9922
"L4:LD100","S1:Mind10After",0.9953,0.9937
"L4:LD100","S2:Mind05",0.9977,0.9943
"L4:LD100","S3:Mind10Baseline",0.9949,0.9945
"L4:LD100","S4:Mind02",-0.9733,-0.158
"M0:MAFnone","G0:GENOnone",0.9988,0.9976
"M0:MAFnone","G1:GENO20",0.9991,0.9976
"M0:MAFnone","G2:GENO10",0.9989,0.9988
"M0:MAFnone","G4:GENO02",0.9989,-0.9974
"M0:MAFnone","L0:LDnone",0.9933,0.1034
"M0:MAFnone","L1:LD08",0.9956,0.0956
"M0:MAFnone","L2:LD05",0.9983,0.349
"M0:MAFnone","L4:LD100",0.9937,0.9927
"M0:MAFnone","M0:MAFnone",1,1
"M0:MAFnone","M1:MAF01",1,0.9999
"M0:MAFnone","M2:MAF03",0.9997,0.9997
"M0:MAFnone","M4:MAF10",0.9976,-0.9952
"M0:MAFnone","S0:NoMind",0.9991,0.9974
"M0:MAFnone","S1:Mind10After",0.999,0.9986
"M0:MAFnone","S2:Mind05",0.9928,0.9861
"M0:MAFnone","S3:Mind10Baseline",0.9992,0.9983
"M0:MAFnone","S4:Mind02",-0.9051,-0.1685
"M1:MAF01","G0:GENOnone",0.9988,0.9973
"M1:MAF01","G1:GENO20",0.9991,0.9973
"M1:MAF01","G2:GENO10",0.999,0.9987
"M1:MAF01","G4:GENO02",0.9989,-0.9977
"M1:MAF01","L0:LDnone",0.9936,0.1097
"M1:MAF01","L1:LD08",0.9959,0.1018
"M1:MAF01","L2:LD05",0.9984,0.3547
"M1:MAF01","L4:LD100",0.9938,0.9929
"M1:MAF01","M0:MAFnone",1,0.9999
"M1:MAF01","M1:MAF01",1,1
"M1:MAF01","M2:MAF03",0.9997,0.9996
"M1:MAF01","M4:MAF10",0.9977,-0.995
"M1:MAF01","S0:NoMind",0.9991,0.9975
"M1:MAF01","S1:Mind10After",0.999,0.9986
"M1:MAF01","S2:Mind05",0.9929,0.986
"M1:MAF01","S3:Mind10Baseline",0.9992,0.9984
"M1:MAF01","S4:Mind02",-0.9058,-0.1663
"M2:MAF03","G0:GENOnone",0.9994,0.998
"M2:MAF03","G1:GENO20",0.9995,0.9981
"M2:MAF03","G2:GENO10",0.9994,0.9992
"M2:MAF03","G4:GENO02",0.9994,-0.9979
"M2:MAF03","L0:LDnone",0.9938,0.1024
"M2:MAF03","L1:LD08",0.9962,0.0947
"M2:MAF03","L2:LD05",0.9986,0.348
"M2:MAF03","L4:LD100",0.9948,0.9941
"M2:MAF03","M0:MAFnone",0.9997,0.9997
"M2:MAF03","M1:MAF01",0.9997,0.9996
"M2:MAF03","M2:MAF03",1,1
"M2:MAF03","M4:MAF10",0.9987,-0.9966
"M2:MAF03","S0:NoMind",0.9995,0.9979
"M2:MAF03","S1:Mind10After",0.9994,0.9991
"M2:MAF03","S2:Mind05",0.9942,0.9878
"M2:MAF03","S3:Mind10Baseline",0.9997,0.999
"M2:MAF03","S4:Mind02",-0.9196,-0.1673
"M4:MAF10","G0:GENOnone",0.999,-0.9958
"M4:MAF10","G1:GENO20",0.9989,-0.9966
"M4:MAF10","G2:GENO10",0.999,-0.9968
"M4:MAF10","G4:GENO02",0.9987,0.9963
"M4:MAF10","L0:LDnone",0.9926,-0.0963
"M4:MAF10","L1:LD08",0.995,-0.0889
"M4:MAF10","L2:LD05",0.998,-0.3414
"M4:MAF10","L4:LD100",0.9953,-0.9939
"M4:MAF10","M0:MAFnone",0.9976,-0.9952
"M4:MAF10","M1:MAF01",0.9977,-0.995
"M4:MAF10","M2:MAF03",0.9987,-0.9966
"M4:MAF10","M4:MAF10",1,1
"M4:MAF10","S0:NoMind",0.9988,-0.9957
"M4:MAF10","S1:Mind10After",0.9988,-0.9964
"M4:MAF10","S2:Mind05",0.9962,-0.9905
"M4:MAF10","S3:Mind10Baseline",0.9991,-0.9969
"M4:MAF10","S4:Mind02",-0.9374,0.1823
"S0:NoMind","G0:GENOnone",0.9992,0.9943
"S0:NoMind","G1:GENO20",0.9994,0.9951
"S0:NoMind","G2:GENO10",0.9991,0.9966
"S0:NoMind","G4:GENO02",0.9993,-0.9986
"S0:NoMind","L0:LDnone",0.9934,0.1464
"S0:NoMind","L1:LD08",0.9961,0.1388
"S0:NoMind","L2:LD05",0.9984,0.3904
"S0:NoMind","L4:LD100",0.9947,0.9922
"S0:NoMind","M0:MAFnone",0.9991,0.9974
"S0:NoMind","M1:MAF01",0.9991,0.9975
"S0:NoMind","M2:MAF03",0.9995,0.9979
"S0:NoMind","M4:MAF10",0.9988,-0.9957
"S0:NoMind","S0:NoMind",1,1
"S0:NoMind","S1:Mind10After",0.9998,0.999
"S0:NoMind","S2:Mind05",0.9942,0.9853
"S0:NoMind","S3:Mind10Baseline",0.9996,0.9989
"S0:NoMind","S4:Mind02",-0.9145,-0.1751
"S1:Mind10After","G0:GENOnone",0.9992,0.9966
"S1:Mind10After","G1:GENO20",0.9992,0.997
"S1:Mind10After","G2:GENO10",0.999,0.9983
"S1:Mind10After","G4:GENO02",0.9991,-0.9985
"S1:Mind10After","L0:LDnone",0.9926,0.1173
"S1:Mind10After","L1:LD08",0.9955,0.1095
"S1:Mind10After","L2:LD05",0.9981,0.3625
"S1:Mind10After","L4:LD100",0.9953,0.9937
"S1:Mind10After","M0:MAFnone",0.999,0.9986
"S1:Mind10After","M1:MAF01",0.999,0.9986
"S1:Mind10After","M2:MAF03",0.9994,0.9991
"S1:Mind10After","M4:MAF10",0.9988,-0.9964
"S1:Mind10After","S0:NoMind",0.9998,0.999
"S1:Mind10After","S1:Mind10After",1,1
"S1:Mind10After","S2:Mind05",0.9948,0.987
"S1:Mind10After","S3:Mind10Baseline",0.9995,0.9992
"S1:Mind10After","S4:Mind02",-0.9159,-0.1656
"S2:Mind05","G0:GENOnone",0.9955,0.9895
"S2:Mind05","G1:GENO20",0.9943,0.9885
"S2:Mind05","G2:GENO10",0.995,0.9885
"S2:Mind05","G4:GENO02",0.9932,-0.9869
"S2:Mind05","L0:LDnone",0.9831,0.0642
"S2:Mind05","L1:LD08",0.9876,0.0544
"S2:Mind05","L2:LD05",0.9928,0.3634
"S2:Mind05","L4:LD100",0.9977,0.9943
"S2:Mind05","M0:MAFnone",0.9928,0.9861
"S2:Mind05","M1:MAF01",0.9929,0.986
"S2:Mind05","M2:MAF03",0.9942,0.9878
"S2:Mind05","M4:MAF10",0.9962,-0.9905
"S2:Mind05","S0:NoMind",0.9942,0.9853
"S2:Mind05","S1:Mind10After",0.9948,0.987
"S2:Mind05","S2:Mind05",1,1
"S2:Mind05","S3:Mind10Baseline",0.9945,0.9871
"S2:Mind05","S4:Mind02",-0.9778,-0.1877
"S3:Mind10Baseline","G0:GENOnone",0.9995,0.9963
"S3:Mind10Baseline","G1:GENO20",0.9995,0.9966
"S3:Mind10Baseline","G2:GENO10",0.9994,0.998
"S3:Mind10Baseline","G4:GENO02",0.9995,-0.9981
"S3:Mind10Baseline","L0:LDnone",0.9942,0.1252
"S3:Mind10Baseline","L1:LD08",0.9965,0.1179
"S3:Mind10Baseline","L2:LD05",0.9985,0.3694
"S3:Mind10Baseline","L4:LD100",0.9949,0.9945
"S3:Mind10Baseline","M0:MAFnone",0.9992,0.9983
"S3:Mind10Baseline","M1:MAF01",0.9992,0.9984
"S3:Mind10Baseline","M2:MAF03",0.9997,0.999
"S3:Mind10Baseline","M4:MAF10",0.9991,-0.9969
"S3:Mind10Baseline","S0:NoMind",0.9996,0.9989
"S3:Mind10Baseline","S1:Mind10After",0.9995,0.9992
"S3:Mind10Baseline","S2:Mind05",0.9945,0.9871
"S3:Mind10Baseline","S3:Mind10Baseline",1,1
"S3:Mind10Baseline","S4:Mind02",-0.9225,-0.1643
"S4:Mind02","G0:GENOnone",-0.9365,-0.1785
"S4:Mind02","G1:GENO20",-0.9256,-0.1825
"S4:Mind02","G2:GENO10",-0.9333,-0.1649
"S4:Mind02","G4:GENO02",-0.9004,0.1795
"S4:Mind02","L0:LDnone",-0.9481,0.0029
"S4:Mind02","L1:LD08",-0.9485,-0.0336
"S4:Mind02","L2:LD05",-0.9414,-0.1376
"S4:Mind02","L4:LD100",-0.9733,-0.158
"S4:Mind02","M0:MAFnone",-0.9051,-0.1685
"S4:Mind02","M1:MAF01",-0.9058,-0.1663
"S4:Mind02","M2:MAF03",-0.9196,-0.1673
"S4:Mind02","M4:MAF10",-0.9374,0.1823
"S4:Mind02","S0:NoMind",-0.9145,-0.1751
"S4:Mind02","S1:Mind10After",-0.9159,-0.1656
"S4:Mind02","S2:Mind05",-0.9778,-0.1877
"S4:Mind02","S3:Mind10Baseline",-0.9225,-0.1643
"S4:Mind02","S4:Mind02",1,1
